year,category,division,national_share,lambda,adjusted_share_pm_uncontracted,adjusted_share_pm
2015,First quintile,01,0.177777776934388,0.65,211.603447033224,207.777943739614
2015,Second quintile,01,0.177777776934388,0.65,204.359153952747,198.627529180413
2015,Third quintile,01,0.177777776934388,0.65,201.441744672108,193.11910614946
2015,Fourth quintile,01,0.177777776934388,0.65,188.703524569836,182.999588281827
2015,Fifth quintile,01,0.177777776934388,0.65,150.829115867922,156.934217436963
2020,First quintile,01,0.202695955155136,0.65,232.536208614862,231.417481311363
2020,Second quintile,01,0.202695955155136,0.65,235.217860914851,227.566987296348
2020,Third quintile,01,0.202695955155136,0.65,236.121677414411,224.702395150802
2020,Fourth quintile,01,0.202695955155136,0.65,214.696562681191,208.383958927845
2020,Fifth quintile,01,0.202695955155136,0.65,171.509918458145,178.481537084971
2015,First quintile,02,0.0179775290033526,0.65,15.7812405516036,17.2138365998065
2015,Second quintile,02,0.0179775290033526,0.65,18.772362672586,18.8328359293413
2015,Third quintile,02,0.0179775290033526,0.65,21.0053963830977,19.941486602742
2015,Fourth quintile,02,0.0179775290033526,0.65,19.9101682980676,19.0381685762579
2015,Fifth quintile,02,0.0179775290033526,0.65,15.6698096820189,16.1354477261874
2020,First quintile,02,0.0189715435992292,0.65,15.0771950709395,17.1305205466996
2020,Second quintile,02,0.0189715435992292,0.65,17.2906381449274,18.1770340345457
2020,Third quintile,02,0.0189715435992292,0.65,20.7249539207559,20.1363269925227
2020,Fourth quintile,02,0.0189715435992292,0.65,20.7088826136717,19.8990965374553
2020,Fifth quintile,02,0.0189715435992292,0.65,17.9111398252695,17.8870718403872
2015,First quintile,03,0.0469413231231248,0.65,23.0149024240822,32.6483143815028
2015,Second quintile,03,0.0469413231231248,0.65,36.8879497382772,41.1465561666556
2015,Third quintile,03,0.0469413231231248,0.65,43.5603661518711,44.7343775689726
2015,Fourth quintile,03,0.0469413231231248,0.65,50.8664324557248,48.9893843167385
2015,Fifth quintile,03,0.0469413231231248,0.65,63.4741971258647,56.4901277319645
2020,First quintile,03,0.0379430852014539,0.65,17.6623322011928,25.8002612024639
2020,Second quintile,03,0.0379430852014539,0.65,26.2651429597404,30.8584601052186
2020,Third quintile,03,0.0379430852014539,0.65,34.4856775385998,35.7402614453799
2020,Fourth quintile,03,0.0379430852014539,0.65,44.3498986605454,41.6849529957162
2020,Fifth quintile,03,0.0379430852014539,0.65,52.6489920415532,46.4750723355713
2015,First quintile,04,0.353558050757153,0.2,511.367768909038,400.568947679574
2015,Second quintile,04,0.353558050757153,0.2,447.030393366586,379.069203057956
2015,Third quintile,04,0.353558050757153,0.2,386.789498073469,360.129282205317
2015,Fourth quintile,04,0.353558050757153,0.2,342.360073425625,347.746116735504
2015,Fifth quintile,04,0.353558050757153,0.2,261.135009522837,328.117509386878
2020,First quintile,04,0.376435345288109,0.2,533.011711009362,424.871540519191
2020,Second quintile,04,0.376435345288109,0.2,460.408751163322,399.785980381087
2020,Third quintile,04,0.376435345288109,0.2,412.217965996574,384.06997851616
2020,Fourth quintile,04,0.376435345288109,0.2,364.613690945485,370.317104726408
2020,Fifth quintile,04,0.376435345288109,0.2,285.485403695004,350.501142902834
2015,First quintile,05,0.0429463168998802,0.65,23.2588770335937,31.3589168258371
2015,Second quintile,05,0.0429463168998802,0.65,28.7549174045353,34.3394223986288
2015,Third quintile,05,0.0429463168998802,0.65,32.6833572349455,36.2678341887527
2015,Fourth quintile,05,0.0429463168998802,0.65,34.7279084073849,37.2219761522133
2015,Fifth quintile,05,0.0429463168998802,0.65,49.5659820749553,46.2682349726826
2020,First quintile,05,0.0449326008964586,0.65,20.6375373250906,30.3643945501213
2020,Second quintile,05,0.0449326008964586,0.65,27.7684408242357,34.3390105701876
2020,Third quintile,05,0.0449326008964586,0.65,29.9567377582365,35.2421610216359
2020,Fourth quintile,05,0.0449326008964586,0.65,37.0895110958134,39.4348409889167
2020,Fifth quintile,05,0.0449326008964586,0.65,57.8678639304949,52.1874562063452
2015,First quintile,06,0.0461922602053301,0.65,41.7447491603367,45.0383975949333
2015,Second quintile,06,0.0461922602053301,0.65,38.6125137885566,42.021077014989
2015,Third quintile,06,0.0461922602053301,0.65,39.2940925244519,41.6997601637869
2015,Fourth quintile,06,0.0461922602053301,0.65,43.3964775278755,43.9237797137801
2015,Fifth quintile,06,0.0461922602053301,0.65,52.2061563693258,49.0612185153877
2020,First quintile,06,0.0469296053807457,0.65,39.6742149051624,43.9860962064274
2020,Second quintile,06,0.0469296053807457,0.65,41.6700565807977,44.2363148989893
2020,Third quintile,06,0.0469296053807457,0.65,42.9965615971235,44.4284336076429
2020,Fourth quintile,06,0.0469296053807457,0.65,46.1461563213463,45.9545218584445
2020,Fifth quintile,06,0.0469296053807457,0.65,52.4160221444724,49.4042056724286
2015,First quintile,07,0.106866416471795,0.35,29.7291290441469,83.0722573133623
2015,Second quintile,07,0.106866416471795,0.35,47.8660101497742,87.7950656648752
2015,Third quintile,07,0.106866416471795,0.35,63.0688783045997,91.5182039222254
2015,Fourth quintile,07,0.106866416471795,0.35,79.5493566963649,96.3160070806823
2015,Fifth quintile,07,0.106866416471795,0.35,131.530349649039,113.101104163733
2020,First quintile,07,0.0948577130036348,0.35,19.7772814456062,71.4591292329291
2020,Second quintile,07,0.0948577130036348,0.35,39.2509975231451,76.652358464395
2020,Third quintile,07,0.0948577130036348,0.35,51.9959463959756,79.9556273649119
2020,Fourth quintile,07,0.0948577130036348,0.35,74.1869682801963,86.7436309448866
2020,Fifth quintile,07,0.0948577130036348,0.35,118.629071701233,100.947289488959
2015,First quintile,08,0.0259675404510903,0.65,30.4865697637026,30.0644197954968
2015,Second quintile,08,0.0259675404510903,0.65,30.1004896090645,29.1786683365951
2015,Third quintile,08,0.0259675404510903,0.65,28.2436698022106,27.4413052223821
2015,Fourth quintile,08,0.0259675404510903,0.65,27.046840616394,26.3979042381666
2015,Fifth quintile,08,0.0259675404510903,0.65,21.0221097972661,22.2806710342303
2020,First quintile,08,0.0232151778787136,0.65,27.3011100260354,26.9573250847385
2020,Second quintile,08,0.0232151778787136,0.65,28.1141747546517,26.8396602815296
2020,Third quintile,08,0.0232151778787136,0.65,26.7504421377531,25.5448991864814
2020,Fourth quintile,08,0.0232151778787136,0.65,25.8489410270394,24.6769731021039
2020,Fifth quintile,08,0.0232151778787136,0.65,19.0639624716333,20.0733729140635
2015,First quintile,09,0.0519350809021807,0.35,20.9162109989773,42.7263250884731
2015,Second quintile,09,0.0519350809021807,0.35,30.6692716549267,45.3067855220854
2015,Third quintile,09,0.0519350809021807,0.35,45.1907159638951,49.5642230162974
2015,Fourth quintile,09,0.0519350809021807,0.35,61.8063226108716,54.8267889319265
2015,Fifth quintile,09,0.0519350809021807,0.35,95.2406487936698,65.6992374812051
2020,First quintile,09,0.0409385919278845,0.35,15.4768167104497,33.3717417524883
2020,Second quintile,09,0.0409385919278845,0.35,25.2473948677227,36.0376419541328
2020,Third quintile,09,0.0409385919278845,0.35,34.2759237721487,38.654777430146
2020,Fourth quintile,09,0.0409385919278845,0.35,45.5517713354432,42.1261711319373
2020,Fifth quintile,09,0.0409385919278845,0.35,79.9431792426712,53.4101175035914
2015,First quintile,10,0.00599251033361855,0.65,0.412214776557816,2.46020213110987
2015,Second quintile,10,0.00599251033361855,0.65,0.975463356619841,2.78144770909211
2015,Third quintile,10,0.00599251033361855,0.65,2.40393826124977,3.65917584246961
2015,Fourth quintile,10,0.00599251033361855,0.65,3.57247185211215,4.37454632706268
2015,Fifth quintile,10,0.00599251033361855,0.65,7.55377031604459,6.86186117117239
2020,First quintile,10,0.00599101445136339,0.65,0.514677688826926,2.53348671631599
2020,Second quintile,10,0.00599101445136339,0.65,1.28171908662156,2.97882113595925
2020,Third quintile,10,0.00599101445136339,0.65,2.34904378375077,3.62825014057457
2020,Fourth quintile,10,0.00599101445136339,0.65,3.78247526153037,4.5097485931262
2020,Fifth quintile,10,0.00599101445136339,0.65,7.1290989661213,6.58526988974744
2015,First quintile,11,0.0489388262347472,0.65,22.1407007549927,32.7844601927743
2015,Second quintile,11,0.0489388262347472,0.65,34.4774377638059,40.2629600374797
2015,Third quintile,11,0.0489388262347472,0.65,48.4877265438318,48.6354748475272
2015,Fourth quintile,11,0.0489388262347472,0.65,60.8605333627908,56.1115115558615
2015,Fifth quintile,11,0.0489388262347472,0.65,65.8379901041054,58.6793096547964
2020,First quintile,11,0.0339490762328798,0.65,14.4850993470009,22.191745421182
2020,Second quintile,11,0.0339490762328798,0.65,24.7514250649371,28.4369304965715
2020,Third quintile,11,0.0339490762328798,0.65,31.4281387477919,32.3507386486634
2020,Fourth quintile,11,0.0339490762328798,0.65,42.0277518160904,38.8068299812517
2020,Fifth quintile,11,0.0339490762328798,0.65,47.3983777322524,41.7682653366473
2015,First quintile,12,0.0749063686833406,0.65,69.5441895497443,74.2859786575163
2015,Second quintile,12,0.0749063686833406,0.65,81.4940365425203,80.6384489818896
2015,Third quintile,12,0.0749063686833406,0.65,87.8306160842705,83.2897702700678
2015,Fourth quintile,12,0.0749063686833406,0.65,87.199890176952,82.0542280899803
2015,Fifth quintile,12,0.0749063686833406,0.65,85.9348606969515,80.3710607248003
2020,First quintile,12,0.0731402909843921,0.65,63.8458156554717,69.9162774560802
2020,Second quintile,12,0.0731402909843921,0.65,72.7333981150483,74.0908003810357
2020,Third quintile,12,0.0731402909843921,0.65,76.6969309368787,75.5461504950802
2020,Fourth quintile,12,0.0731402909843921,0.65,80.9973899616483,77.4621702119087
2020,Fifth quintile,12,0.0731402909843921,0.65,89.9969697911508,82.2791988244538
