series_name,coicop,year,category,consumption
IT.income.calibrated.2015.Fifth quintile.011,011,2015,Fifth quintile,145.472729646623
IT.income.calibrated.2015.Fifth quintile.012,012,2015,Fifth quintile,11.46148779034
IT.income.calibrated.2015.Fifth quintile.021,021,2015,Fifth quintile,8.06772341488682
IT.income.calibrated.2015.Fifth quintile.022,022,2015,Fifth quintile,8.06772341488682
IT.income.calibrated.2015.Fifth quintile.023,023,2015,Fifth quintile,1e-06
IT.income.calibrated.2015.Fifth quintile.031,031,2015,Fifth quintile,43.2690340074622
IT.income.calibrated.2015.Fifth quintile.032,032,2015,Fifth quintile,13.2210937245023
IT.income.calibrated.2015.Fifth quintile.041,041,2015,Fifth quintile,31.5141110710561
IT.income.calibrated.2015.Fifth quintile.042,042,2015,Fifth quintile,220.598777497393
IT.income.calibrated.2015.Fifth quintile.043,043,2015,Fifth quintile,5.56131371842166
IT.income.calibrated.2015.Fifth quintile.044,044,2015,Fifth quintile,27.8065685921083
IT.income.calibrated.2015.Fifth quintile.045,045,2015,Fifth quintile,42.6367385078994
IT.income.calibrated.2015.Fifth quintile.051,051,2015,Fifth quintile,8.60804371584792
IT.income.calibrated.2015.Fifth quintile.052,052,2015,Fifth quintile,2.15201092896198
IT.income.calibrated.2015.Fifth quintile.053,053,2015,Fifth quintile,6.45603278688594
IT.income.calibrated.2015.Fifth quintile.054,054,2015,Fifth quintile,2.15201092896198
IT.income.calibrated.2015.Fifth quintile.055,055,2015,Fifth quintile,4.30402185792396
IT.income.calibrated.2015.Fifth quintile.056,056,2015,Fifth quintile,22.5961147541008
IT.income.calibrated.2015.Fifth quintile.061,061,2015,Fifth quintile,25.4587940600045
IT.income.calibrated.2015.Fifth quintile.062,062,2015,Fifth quintile,23.3372278883375
IT.income.calibrated.2015.Fifth quintile.063,063,2015,Fifth quintile,0.265196567045695
IT.income.calibrated.2015.Fifth quintile.071,071,2015,Fifth quintile,24.3114522968771
IT.income.calibrated.2015.Fifth quintile.072,072,2015,Fifth quintile,79.2764748811211
IT.income.calibrated.2015.Fifth quintile.073,073,2015,Fifth quintile,9.51317698573453
IT.income.calibrated.2015.Fifth quintile.081,081,2015,Fifth quintile,0.856948885931936
IT.income.calibrated.2015.Fifth quintile.082,082,2015,Fifth quintile,1.71389777186387
IT.income.calibrated.2015.Fifth quintile.083,083,2015,Fifth quintile,19.7098243764345
IT.income.calibrated.2015.Fifth quintile.091,091,2015,Fifth quintile,5.05378749855424
IT.income.calibrated.2015.Fifth quintile.092,092,2015,Fifth quintile,1.26344687463856
IT.income.calibrated.2015.Fifth quintile.093,093,2015,Fifth quintile,18.9517031195784
IT.income.calibrated.2015.Fifth quintile.094,094,2015,Fifth quintile,20.215149994217
IT.income.calibrated.2015.Fifth quintile.095,095,2015,Fifth quintile,11.371021871747
IT.income.calibrated.2015.Fifth quintile.096,096,2015,Fifth quintile,8.84412812246992
IT.income.calibrated.2015.Fifth quintile.101,101,2015,Fifth quintile,1.14364333792151
IT.income.calibrated.2015.Fifth quintile.102,102,2015,Fifth quintile,1.14364333792151
IT.income.calibrated.2015.Fifth quintile.103,103,2015,Fifth quintile,1.14364333792151e-06
IT.income.calibrated.2015.Fifth quintile.104,104,2015,Fifth quintile,3.43093001376453
IT.income.calibrated.2015.Fifth quintile.105,105,2015,Fifth quintile,1.14364333792151
IT.income.calibrated.2015.Fifth quintile.111,111,2015,Fifth quintile,52.6916249961437
IT.income.calibrated.2015.Fifth quintile.112,112,2015,Fifth quintile,5.98768465865269
IT.income.calibrated.2015.Fifth quintile.121,121,2015,Fifth quintile,32.1484234326288
IT.income.calibrated.2015.Fifth quintile.122,122,2015,Fifth quintile,1.07161411442096e-06
IT.income.calibrated.2015.Fifth quintile.123,123,2015,Fifth quintile,5.3580705721048
IT.income.calibrated.2015.Fifth quintile.124,124,2015,Fifth quintile,2.14322822884192
IT.income.calibrated.2015.Fifth quintile.125,125,2015,Fifth quintile,30.0051952037869
IT.income.calibrated.2015.Fifth quintile.126,126,2015,Fifth quintile,1.07161411442096e-06
IT.income.calibrated.2015.Fifth quintile.127,127,2015,Fifth quintile,10.7161411442096
IT.income.calibrated.2015.First quintile.011,011,2015,First quintile,192.603150095709
IT.income.calibrated.2015.First quintile.012,012,2015,First quintile,15.1747936439044
IT.income.calibrated.2015.First quintile.021,021,2015,First quintile,8.60691782174115
IT.income.calibrated.2015.First quintile.022,022,2015,First quintile,8.60691782174115
IT.income.calibrated.2015.First quintile.023,023,2015,First quintile,1e-06
IT.income.calibrated.2015.First quintile.031,031,2015,First quintile,25.0072195262575
IT.income.calibrated.2015.First quintile.032,032,2015,First quintile,7.64109485524535
IT.income.calibrated.2015.First quintile.041,041,2015,First quintile,38.4727237884337
IT.income.calibrated.2015.First quintile.042,042,2015,First quintile,269.309066519036
IT.income.calibrated.2015.First quintile.043,043,2015,First quintile,6.78930419795888
IT.income.calibrated.2015.First quintile.044,044,2015,First quintile,33.9465209897944
IT.income.calibrated.2015.First quintile.045,045,2015,First quintile,52.0513321843515
IT.income.calibrated.2015.First quintile.051,051,2015,First quintile,5.83421708387666
IT.income.calibrated.2015.First quintile.052,052,2015,First quintile,1.45855427096917
IT.income.calibrated.2015.First quintile.053,053,2015,First quintile,4.3756628129075
IT.income.calibrated.2015.First quintile.054,054,2015,First quintile,1.45855427096917
IT.income.calibrated.2015.First quintile.055,055,2015,First quintile,2.91710854193833
IT.income.calibrated.2015.First quintile.056,056,2015,First quintile,15.3148198451762
IT.income.calibrated.2015.First quintile.061,061,2015,First quintile,23.3712762108096
IT.income.calibrated.2015.First quintile.062,062,2015,First quintile,21.4236698599088
IT.income.calibrated.2015.First quintile.063,063,2015,First quintile,0.243451524214981
IT.income.calibrated.2015.First quintile.071,071,2015,First quintile,17.85665344119
IT.income.calibrated.2015.First quintile.072,072,2015,First quintile,58.228217743011
IT.income.calibrated.2015.First quintile.073,073,2015,First quintile,6.98738612916132
IT.income.calibrated.2015.First quintile.081,081,2015,First quintile,1.15632383828834
IT.income.calibrated.2015.First quintile.082,082,2015,First quintile,2.31264767657668
IT.income.calibrated.2015.First quintile.083,083,2015,First quintile,26.5954482806318
IT.income.calibrated.2015.First quintile.091,091,2015,First quintile,3.28664039142101
IT.income.calibrated.2015.First quintile.092,092,2015,First quintile,0.821660097855251
IT.income.calibrated.2015.First quintile.093,093,2015,First quintile,12.3249014678288
IT.income.calibrated.2015.First quintile.094,094,2015,First quintile,13.146561565684
IT.income.calibrated.2015.First quintile.095,095,2015,First quintile,7.39494088069726
IT.income.calibrated.2015.First quintile.096,096,2015,First quintile,5.75162068498676
IT.income.calibrated.2015.First quintile.101,101,2015,First quintile,0.410033620179375
IT.income.calibrated.2015.First quintile.102,102,2015,First quintile,0.410033620179375
IT.income.calibrated.2015.First quintile.103,103,2015,First quintile,1e-06
IT.income.calibrated.2015.First quintile.104,104,2015,First quintile,1.23010086053813
IT.income.calibrated.2015.First quintile.105,105,2015,First quintile,0.410033620179375
IT.income.calibrated.2015.First quintile.111,111,2015,First quintile,29.439107111879
IT.income.calibrated.2015.First quintile.112,112,2015,First quintile,3.34535308089533
IT.income.calibrated.2015.First quintile.121,121,2015,First quintile,29.7143906706228
IT.income.calibrated.2015.First quintile.122,122,2015,First quintile,1e-06
IT.income.calibrated.2015.First quintile.123,123,2015,First quintile,4.95239844510379
IT.income.calibrated.2015.First quintile.124,124,2015,First quintile,1.98095937804152
IT.income.calibrated.2015.First quintile.125,125,2015,First quintile,27.7334312925812
IT.income.calibrated.2015.First quintile.126,126,2015,First quintile,1e-06
IT.income.calibrated.2015.First quintile.127,127,2015,First quintile,9.90479689020758
IT.income.calibrated.2015.Fourth quintile.011,011,2015,Fourth quintile,169.634449811806
IT.income.calibrated.2015.Fourth quintile.012,012,2015,Fourth quintile,13.3651384700211
IT.income.calibrated.2015.Fourth quintile.021,021,2015,Fourth quintile,9.51908375929097
IT.income.calibrated.2015.Fourth quintile.022,022,2015,Fourth quintile,9.51908375929097
IT.income.calibrated.2015.Fourth quintile.023,023,2015,Fourth quintile,1.05767597325455e-06
IT.income.calibrated.2015.Fourth quintile.031,031,2015,Fourth quintile,37.5237837319699
IT.income.calibrated.2015.Fourth quintile.032,032,2015,Fourth quintile,11.4656005847686
IT.income.calibrated.2015.Fourth quintile.041,041,2015,Fourth quintile,33.3993445452179
IT.income.calibrated.2015.Fourth quintile.042,042,2015,Fourth quintile,233.795411816525
IT.income.calibrated.2015.Fourth quintile.043,043,2015,Fourth quintile,5.89400197856786
IT.income.calibrated.2015.Fourth quintile.044,044,2015,Fourth quintile,29.4700098928393
IT.income.calibrated.2015.Fourth quintile.045,045,2015,Fourth quintile,45.1873485023536
IT.income.calibrated.2015.Fourth quintile.051,051,2015,Fourth quintile,6.92501881901642
IT.income.calibrated.2015.Fourth quintile.052,052,2015,Fourth quintile,1.7312547047541
IT.income.calibrated.2015.Fourth quintile.053,053,2015,Fourth quintile,5.19376411426231
IT.income.calibrated.2015.Fourth quintile.054,054,2015,Fourth quintile,1.7312547047541
IT.income.calibrated.2015.Fourth quintile.055,055,2015,Fourth quintile,3.46250940950821
IT.income.calibrated.2015.Fourth quintile.056,056,2015,Fourth quintile,18.1781743999181
IT.income.calibrated.2015.Fourth quintile.061,061,2015,Fourth quintile,22.7928799142933
IT.income.calibrated.2015.Fourth quintile.062,062,2015,Fourth quintile,20.8934732547688
IT.income.calibrated.2015.Fourth quintile.063,063,2015,Fourth quintile,0.237426544718052
IT.income.calibrated.2015.Fourth quintile.071,071,2015,Fourth quintile,20.7034407743523
IT.income.calibrated.2015.Fourth quintile.072,072,2015,Fourth quintile,67.5112199163661
IT.income.calibrated.2015.Fourth quintile.073,073,2015,Fourth quintile,8.10134638996393
IT.income.calibrated.2015.Fourth quintile.081,081,2015,Fourth quintile,1.01530400916025
IT.income.calibrated.2015.Fourth quintile.082,082,2015,Fourth quintile,2.03060801832051
IT.income.calibrated.2015.Fourth quintile.083,083,2015,Fourth quintile,23.3519922106858
IT.income.calibrated.2015.Fourth quintile.091,091,2015,Fourth quintile,4.21744530245588
IT.income.calibrated.2015.Fourth quintile.092,092,2015,Fourth quintile,1.05436132561397
IT.income.calibrated.2015.Fourth quintile.093,093,2015,Fourth quintile,15.8154198842096
IT.income.calibrated.2015.Fourth quintile.094,094,2015,Fourth quintile,16.8697812098235
IT.income.calibrated.2015.Fourth quintile.095,095,2015,Fourth quintile,9.48925193052573
IT.income.calibrated.2015.Fourth quintile.096,096,2015,Fourth quintile,7.38052927929779
IT.income.calibrated.2015.Fourth quintile.101,101,2015,Fourth quintile,0.729090932995291
IT.income.calibrated.2015.Fourth quintile.102,102,2015,Fourth quintile,0.729090932995291
IT.income.calibrated.2015.Fourth quintile.103,103,2015,Fourth quintile,1e-06
IT.income.calibrated.2015.Fourth quintile.104,104,2015,Fourth quintile,2.18727279898587
IT.income.calibrated.2015.Fourth quintile.105,105,2015,Fourth quintile,0.729090932995291
IT.income.calibrated.2015.Fourth quintile.111,111,2015,Fourth quintile,50.3858471113858
IT.income.calibrated.2015.Fourth quintile.112,112,2015,Fourth quintile,5.72566444447566
IT.income.calibrated.2015.Fourth quintile.121,121,2015,Fourth quintile,32.821690360747
IT.income.calibrated.2015.Fourth quintile.122,122,2015,Fourth quintile,1.09405634535823e-06
IT.income.calibrated.2015.Fourth quintile.123,123,2015,Fourth quintile,5.47028172679117
IT.income.calibrated.2015.Fourth quintile.124,124,2015,Fourth quintile,2.18811269071647
IT.income.calibrated.2015.Fourth quintile.125,125,2015,Fourth quintile,30.6335776700306
IT.income.calibrated.2015.Fourth quintile.126,126,2015,Fourth quintile,1.09405634535823e-06
IT.income.calibrated.2015.Fourth quintile.127,127,2015,Fourth quintile,10.9405634535823
IT.income.calibrated.2015.Second quintile.011,011,2015,Second quintile,184.12102424027
IT.income.calibrated.2015.Second quintile.012,012,2015,Second quintile,14.5065049401425
IT.income.calibrated.2015.Second quintile.021,021,2015,Second quintile,9.41641744153635
IT.income.calibrated.2015.Second quintile.022,022,2015,Second quintile,9.41641744153635
IT.income.calibrated.2015.Second quintile.023,023,2015,Second quintile,1.04626860461515e-06
IT.income.calibrated.2015.Second quintile.031,031,2015,Second quintile,31.5165111063745
IT.income.calibrated.2015.Second quintile.032,032,2015,Second quintile,9.63004506028111
IT.income.calibrated.2015.Second quintile.041,041,2015,Second quintile,36.4077765648884
IT.income.calibrated.2015.Second quintile.042,042,2015,Second quintile,254.854435954219
IT.income.calibrated.2015.Second quintile.043,043,2015,Second quintile,6.42490174674501
IT.income.calibrated.2015.Second quintile.044,044,2015,Second quintile,32.1245087337251
IT.income.calibrated.2015.Second quintile.045,045,2015,Second quintile,49.2575800583784
IT.income.calibrated.2015.Second quintile.051,051,2015,Second quintile,6.3887297485821
IT.income.calibrated.2015.Second quintile.052,052,2015,Second quintile,1.59718243714553
IT.income.calibrated.2015.Second quintile.053,053,2015,Second quintile,4.79154731143658
IT.income.calibrated.2015.Second quintile.054,054,2015,Second quintile,1.59718243714553
IT.income.calibrated.2015.Second quintile.055,055,2015,Second quintile,3.19436487429105
IT.income.calibrated.2015.Second quintile.056,056,2015,Second quintile,16.770415590028
IT.income.calibrated.2015.Second quintile.061,061,2015,Second quintile,21.8055315028235
IT.income.calibrated.2015.Second quintile.062,062,2015,Second quintile,19.9884038775882
IT.income.calibrated.2015.Second quintile.063,063,2015,Second quintile,0.227141634577271
IT.income.calibrated.2015.Second quintile.071,071,2015,Second quintile,18.8718365447863
IT.income.calibrated.2015.Second quintile.072,072,2015,Second quintile,61.5385974286508
IT.income.calibrated.2015.Second quintile.073,073,2015,Second quintile,7.3846316914381
IT.income.calibrated.2015.Second quintile.081,081,2015,Second quintile,1.12225647448443
IT.income.calibrated.2015.Second quintile.082,082,2015,Second quintile,2.24451294896885
IT.income.calibrated.2015.Second quintile.083,083,2015,Second quintile,25.8118989131418
IT.income.calibrated.2015.Second quintile.091,091,2015,Second quintile,3.48513734785272
IT.income.calibrated.2015.Second quintile.092,092,2015,Second quintile,0.871284336963181
IT.income.calibrated.2015.Second quintile.093,093,2015,Second quintile,13.0692650544477
IT.income.calibrated.2015.Second quintile.094,094,2015,Second quintile,13.9405493914109
IT.income.calibrated.2015.Second quintile.095,095,2015,Second quintile,7.84155903266863
IT.income.calibrated.2015.Second quintile.096,096,2015,Second quintile,6.09899035874227
IT.income.calibrated.2015.Second quintile.101,101,2015,Second quintile,0.463574540919595
IT.income.calibrated.2015.Second quintile.102,102,2015,Second quintile,0.463574540919595
IT.income.calibrated.2015.Second quintile.103,103,2015,Second quintile,1e-06
IT.income.calibrated.2015.Second quintile.104,104,2015,Second quintile,1.39072362275879
IT.income.calibrated.2015.Second quintile.105,105,2015,Second quintile,0.463574540919595
IT.income.calibrated.2015.Second quintile.111,111,2015,Second quintile,36.1544947275328
IT.income.calibrated.2015.Second quintile.112,112,2015,Second quintile,4.10846530994691
IT.income.calibrated.2015.Second quintile.121,121,2015,Second quintile,32.2553787326124
IT.income.calibrated.2015.Second quintile.122,122,2015,Second quintile,1.07517929108708e-06
IT.income.calibrated.2015.Second quintile.123,123,2015,Second quintile,5.3758964554354
IT.income.calibrated.2015.Second quintile.124,124,2015,Second quintile,2.15035858217416
IT.income.calibrated.2015.Second quintile.125,125,2015,Second quintile,30.1050201504382
IT.income.calibrated.2015.Second quintile.126,126,2015,Second quintile,1.07517929108708e-06
IT.income.calibrated.2015.Second quintile.127,127,2015,Second quintile,10.7517929108708
IT.income.calibrated.2015.Third quintile.011,011,2015,Third quintile,179.014901767758
IT.income.calibrated.2015.Third quintile.012,012,2015,Third quintile,14.1042043817021
IT.income.calibrated.2015.Third quintile.021,021,2015,Third quintile,9.97074274744084
IT.income.calibrated.2015.Third quintile.022,022,2015,Third quintile,9.97074274744084
IT.income.calibrated.2015.Third quintile.023,023,2015,Third quintile,1.10786030527121e-06
IT.income.calibrated.2015.Third quintile.031,031,2015,Third quintile,34.2646296272981
IT.income.calibrated.2015.Third quintile.032,032,2015,Third quintile,10.4697479416744
IT.income.calibrated.2015.Third quintile.041,041,2015,Third quintile,34.5886881214146
IT.income.calibrated.2015.Third quintile.042,042,2015,Third quintile,242.120816849902
IT.income.calibrated.2015.Third quintile.043,043,2015,Third quintile,6.10388613907316
IT.income.calibrated.2015.Third quintile.044,044,2015,Third quintile,30.5194306953658
IT.income.calibrated.2015.Third quintile.045,045,2015,Third quintile,46.7964603995609
IT.income.calibrated.2015.Third quintile.051,051,2015,Third quintile,6.74750403511679
IT.income.calibrated.2015.Third quintile.052,052,2015,Third quintile,1.6868760087792
IT.income.calibrated.2015.Third quintile.053,053,2015,Third quintile,5.06062802633759
IT.income.calibrated.2015.Third quintile.054,054,2015,Third quintile,1.6868760087792
IT.income.calibrated.2015.Third quintile.055,055,2015,Third quintile,3.37375201755839
IT.income.calibrated.2015.Third quintile.056,056,2015,Third quintile,17.7121980921816
IT.income.calibrated.2015.Third quintile.061,061,2015,Third quintile,21.6387941124712
IT.income.calibrated.2015.Third quintile.062,062,2015,Third quintile,19.8355612697652
IT.income.calibrated.2015.Third quintile.063,063,2015,Third quintile,0.225404781550557
IT.income.calibrated.2015.Third quintile.071,071,2015,Third quintile,19.6721372916933
IT.income.calibrated.2015.Third quintile.072,072,2015,Third quintile,64.1482737772608
IT.income.calibrated.2015.Third quintile.073,073,2015,Third quintile,7.6977928532713
IT.income.calibrated.2015.Third quintile.081,081,2015,Third quintile,1.05543481624546
IT.income.calibrated.2015.Third quintile.082,082,2015,Third quintile,2.11086963249093
IT.income.calibrated.2015.Third quintile.083,083,2015,Third quintile,24.2750007736457
IT.income.calibrated.2015.Third quintile.091,091,2015,Third quintile,3.81263253971518
IT.income.calibrated.2015.Third quintile.092,092,2015,Third quintile,0.953158134928795
IT.income.calibrated.2015.Third quintile.093,093,2015,Third quintile,14.2973720239319
IT.income.calibrated.2015.Third quintile.094,094,2015,Third quintile,15.2505301588607
IT.income.calibrated.2015.Third quintile.095,095,2015,Third quintile,8.57842321435916
IT.income.calibrated.2015.Third quintile.096,096,2015,Third quintile,6.67210694450157
IT.income.calibrated.2015.Third quintile.101,101,2015,Third quintile,0.609862538767846
IT.income.calibrated.2015.Third quintile.102,102,2015,Third quintile,0.609862538767846
IT.income.calibrated.2015.Third quintile.103,103,2015,Third quintile,1e-06
IT.income.calibrated.2015.Third quintile.104,104,2015,Third quintile,1.82958761630354
IT.income.calibrated.2015.Third quintile.105,105,2015,Third quintile,0.609862538767846
IT.income.calibrated.2015.Third quintile.111,111,2015,Third quintile,43.672671291657
IT.income.calibrated.2015.Third quintile.112,112,2015,Third quintile,4.96280355587012
IT.income.calibrated.2015.Third quintile.121,121,2015,Third quintile,33.3159072196029
IT.income.calibrated.2015.Third quintile.122,122,2015,Third quintile,1.11053024065343e-06
IT.income.calibrated.2015.Third quintile.123,123,2015,Third quintile,5.55265120326715
IT.income.calibrated.2015.Third quintile.124,124,2015,Third quintile,2.22106048130686
IT.income.calibrated.2015.Third quintile.125,125,2015,Third quintile,31.094846738296
IT.income.calibrated.2015.Third quintile.126,126,2015,Third quintile,1.11053024065343e-06
IT.income.calibrated.2015.Third quintile.127,127,2015,Third quintile,11.1053024065343
IT.income.calibrated.2020.Fifth quintile.011,011,2020,Fifth quintile,164.414026772855
IT.income.calibrated.2020.Fifth quintile.012,012,2020,Fifth quintile,14.0675103121159
IT.income.calibrated.2020.Fifth quintile.021,021,2020,Fifth quintile,9.41424784155918
IT.income.calibrated.2020.Fifth quintile.022,022,2020,Fifth quintile,8.47282305740326
IT.income.calibrated.2020.Fifth quintile.023,023,2020,Fifth quintile,1e-06
IT.income.calibrated.2020.Fifth quintile.031,031,2020,Fifth quintile,35.467818361357
IT.income.calibrated.2020.Fifth quintile.032,032,2020,Fifth quintile,11.0072539742143
IT.income.calibrated.2020.Fifth quintile.041,041,2020,Fifth quintile,32.5398939034461
IT.income.calibrated.2020.Fifth quintile.042,042,2020,Fifth quintile,237.076369867965
IT.income.calibrated.2020.Fifth quintile.043,043,2020,Fifth quintile,4.64855627192087
IT.income.calibrated.2020.Fifth quintile.044,044,2020,Fifth quintile,31.6101826490619
IT.income.calibrated.2020.Fifth quintile.045,045,2020,Fifth quintile,44.6261402104404
IT.income.calibrated.2020.Fifth quintile.051,051,2020,Fifth quintile,11.5972124902989
IT.income.calibrated.2020.Fifth quintile.052,052,2020,Fifth quintile,1.15972124902989
IT.income.calibrated.2020.Fifth quintile.053,053,2020,Fifth quintile,8.11804874320925
IT.income.calibrated.2020.Fifth quintile.054,054,2020,Fifth quintile,1.15972124902989
IT.income.calibrated.2020.Fifth quintile.055,055,2020,Fifth quintile,4.63888499611957
IT.income.calibrated.2020.Fifth quintile.056,056,2020,Fifth quintile,25.5138674786577
IT.income.calibrated.2020.Fifth quintile.061,061,2020,Fifth quintile,27.3299861166627
IT.income.calibrated.2020.Fifth quintile.062,062,2020,Fifth quintile,21.0230662435867
IT.income.calibrated.2020.Fifth quintile.063,063,2020,Fifth quintile,1.05115331217933
IT.income.calibrated.2020.Fifth quintile.071,071,2020,Fifth quintile,32.9406944648183
IT.income.calibrated.2020.Fifth quintile.072,072,2020,Fifth quintile,62.69357978788
IT.income.calibrated.2020.Fifth quintile.073,073,2020,Fifth quintile,5.31301523626102
IT.income.calibrated.2020.Fifth quintile.081,081,2020,Fifth quintile,0.215843360071529
IT.income.calibrated.2020.Fifth quintile.082,082,2020,Fifth quintile,1.72674170034713
IT.income.calibrated.2020.Fifth quintile.083,083,2020,Fifth quintile,18.1307878536448
IT.income.calibrated.2020.Fifth quintile.091,091,2020,Fifth quintile,3.90805737831156
IT.income.calibrated.2020.Fifth quintile.092,092,2020,Fifth quintile,1.30268579277052
IT.income.calibrated.2020.Fifth quintile.093,093,2020,Fifth quintile,18.2376010987873
IT.income.calibrated.2020.Fifth quintile.094,094,2020,Fifth quintile,14.3295437204757
IT.income.calibrated.2020.Fifth quintile.095,095,2020,Fifth quintile,10.4214863421642
IT.income.calibrated.2020.Fifth quintile.096,096,2020,Fifth quintile,5.21074317108208
IT.income.calibrated.2020.Fifth quintile.101,101,2020,Fifth quintile,1.09754479870044
IT.income.calibrated.2020.Fifth quintile.102,102,2020,Fifth quintile,1.09754479870044
IT.income.calibrated.2020.Fifth quintile.103,103,2020,Fifth quintile,1.09754479870044e-06
IT.income.calibrated.2020.Fifth quintile.104,104,2020,Fifth quintile,3.29263439610132
IT.income.calibrated.2020.Fifth quintile.105,105,2020,Fifth quintile,1.09754479870044
IT.income.calibrated.2020.Fifth quintile.111,111,2020,Fifth quintile,36.8543517676299
IT.income.calibrated.2020.Fifth quintile.112,112,2020,Fifth quintile,4.91391356901732
IT.income.calibrated.2020.Fifth quintile.121,121,2020,Fifth quintile,29.2049026392795
IT.income.calibrated.2020.Fifth quintile.122,122,2020,Fifth quintile,1.12326548612613e-06
IT.income.calibrated.2020.Fifth quintile.123,123,2020,Fifth quintile,4.49306194450453
IT.income.calibrated.2020.Fifth quintile.124,124,2020,Fifth quintile,2.24653097225227
IT.income.calibrated.2020.Fifth quintile.125,125,2020,Fifth quintile,32.5746990976579
IT.income.calibrated.2020.Fifth quintile.126,126,2020,Fifth quintile,0.280817213980648
IT.income.calibrated.2020.Fifth quintile.127,127,2020,Fifth quintile,13.4791858335136
IT.income.calibrated.2020.First quintile.011,011,2020,First quintile,213.177679828694
IT.income.calibrated.2020.First quintile.012,012,2020,First quintile,18.239801482669
IT.income.calibrated.2020.First quintile.021,021,2020,First quintile,9.01606297110173
IT.income.calibrated.2020.First quintile.022,022,2020,First quintile,8.11445667399156
IT.income.calibrated.2020.First quintile.023,023,2020,First quintile,1e-06
IT.income.calibrated.2020.First quintile.031,031,2020,First quintile,19.6896730229329
IT.income.calibrated.2020.First quintile.032,032,2020,First quintile,6.11058817953091
IT.income.calibrated.2020.First quintile.041,041,2020,First quintile,39.4443074752564
IT.income.calibrated.2020.First quintile.042,042,2020,First quintile,287.379954462583
IT.income.calibrated.2020.First quintile.043,043,2020,First quintile,5.63490106789378
IT.income.calibrated.2020.First quintile.044,044,2020,First quintile,38.3173272616777
IT.income.calibrated.2020.First quintile.045,045,2020,First quintile,54.0950502517802
IT.income.calibrated.2020.First quintile.051,051,2020,First quintile,6.74764323336029
IT.income.calibrated.2020.First quintile.052,052,2020,First quintile,0.674764323336029
IT.income.calibrated.2020.First quintile.053,053,2020,First quintile,4.7233502633522
IT.income.calibrated.2020.First quintile.054,054,2020,First quintile,0.674764323336029
IT.income.calibrated.2020.First quintile.055,055,2020,First quintile,2.69905729334411
IT.income.calibrated.2020.First quintile.056,056,2020,First quintile,14.8448151133926
IT.income.calibrated.2020.First quintile.061,061,2020,First quintile,24.3327340716407
IT.income.calibrated.2020.First quintile.062,062,2020,First quintile,18.7174877474159
IT.income.calibrated.2020.First quintile.063,063,2020,First quintile,0.935874387370797
IT.income.calibrated.2020.First quintile.071,071,2020,First quintile,23.3182421707453
IT.income.calibrated.2020.First quintile.072,072,2020,First quintile,44.3798802604507
IT.income.calibrated.2020.First quintile.073,073,2020,First quintile,3.76100680173311
IT.income.calibrated.2020.First quintile.081,081,2020,First quintile,0.289864570829247
IT.income.calibrated.2020.First quintile.082,082,2020,First quintile,2.31890960990515
IT.income.calibrated.2020.First quintile.083,083,2020,First quintile,24.3485509040041
IT.income.calibrated.2020.First quintile.091,091,2020,First quintile,2.44183476237719
IT.income.calibrated.2020.First quintile.092,092,2020,First quintile,0.813944920792397
IT.income.calibrated.2020.First quintile.093,093,2020,First quintile,11.3952288910936
IT.income.calibrated.2020.First quintile.094,094,2020,First quintile,8.95339412871637
IT.income.calibrated.2020.First quintile.095,095,2020,First quintile,6.51155936633918
IT.income.calibrated.2020.First quintile.096,096,2020,First quintile,3.25577968316959
IT.income.calibrated.2020.First quintile.101,101,2020,First quintile,0.422247715678046
IT.income.calibrated.2020.First quintile.102,102,2020,First quintile,0.422247715678046
IT.income.calibrated.2020.First quintile.103,103,2020,First quintile,1e-06
IT.income.calibrated.2020.First quintile.104,104,2020,First quintile,1.26674314703414
IT.income.calibrated.2020.First quintile.105,105,2020,First quintile,0.422247715678046
IT.income.calibrated.2020.First quintile.111,111,2020,First quintile,19.5809518422194
IT.income.calibrated.2020.First quintile.112,112,2020,First quintile,2.61079357896259
IT.income.calibrated.2020.First quintile.121,121,2020,First quintile,24.8166985724077
IT.income.calibrated.2020.First quintile.122,122,2020,First quintile,1e-06
IT.income.calibrated.2020.First quintile.123,123,2020,First quintile,3.81795362652426
IT.income.calibrated.2020.First quintile.124,124,2020,First quintile,1.90897681326213
IT.income.calibrated.2020.First quintile.125,125,2020,First quintile,27.6801637923009
IT.income.calibrated.2020.First quintile.126,126,2020,First quintile,0.238622817524071
IT.income.calibrated.2020.First quintile.127,127,2020,First quintile,11.4538608795728
IT.income.calibrated.2020.Fourth quintile.011,011,2020,Fourth quintile,191.959607485256
IT.income.calibrated.2020.Fourth quintile.012,012,2020,Fourth quintile,16.4243514425888
IT.income.calibrated.2020.Fourth quintile.021,021,2020,Fourth quintile,10.4732081527024
IT.income.calibrated.2020.Fourth quintile.022,022,2020,Fourth quintile,9.42588733743214
IT.income.calibrated.2020.Fourth quintile.023,023,2020,Fourth quintile,1.04732081527024e-06
IT.income.calibrated.2020.Fourth quintile.031,031,2020,Fourth quintile,31.812200970415
IT.income.calibrated.2020.Fourth quintile.032,032,2020,Fourth quintile,9.8727520253012
IT.income.calibrated.2020.Fourth quintile.041,041,2020,Fourth quintile,34.3795720568283
IT.income.calibrated.2020.Fourth quintile.042,042,2020,Fourth quintile,250.479739271178
IT.income.calibrated.2020.Fourth quintile.043,043,2020,Fourth quintile,4.91136743668976
IT.income.calibrated.2020.Fourth quintile.044,044,2020,Fourth quintile,33.3972985694904
IT.income.calibrated.2020.Fourth quintile.045,045,2020,Fourth quintile,47.1491273922217
IT.income.calibrated.2020.Fourth quintile.051,051,2020,Fourth quintile,8.76329799753704
IT.income.calibrated.2020.Fourth quintile.052,052,2020,Fourth quintile,0.876329799753704
IT.income.calibrated.2020.Fourth quintile.053,053,2020,Fourth quintile,6.13430859827593
IT.income.calibrated.2020.Fourth quintile.054,054,2020,Fourth quintile,0.876329799753704
IT.income.calibrated.2020.Fourth quintile.055,055,2020,Fourth quintile,3.50531919901481
IT.income.calibrated.2020.Fourth quintile.056,056,2020,Fourth quintile,19.2792555945815
IT.income.calibrated.2020.Fourth quintile.061,061,2020,Fourth quintile,25.4216503897778
IT.income.calibrated.2020.Fourth quintile.062,062,2020,Fourth quintile,19.5551156844445
IT.income.calibrated.2020.Fourth quintile.063,063,2020,Fourth quintile,0.977755784222223
IT.income.calibrated.2020.Fourth quintile.071,071,2020,Fourth quintile,28.3058164135946
IT.income.calibrated.2020.Fourth quintile.072,072,2020,Fourth quintile,53.8723602710348
IT.income.calibrated.2020.Fourth quintile.073,073,2020,Fourth quintile,4.56545426025719
IT.income.calibrated.2020.Fourth quintile.081,081,2020,Fourth quintile,0.265344584268704
IT.income.calibrated.2020.Fourth quintile.082,082,2020,Fourth quintile,2.12275030589871
IT.income.calibrated.2020.Fourth quintile.083,083,2020,Fourth quintile,22.2888782119365
IT.income.calibrated.2020.Fourth quintile.091,091,2020,Fourth quintile,3.08240276575151
IT.income.calibrated.2020.Fourth quintile.092,092,2020,Fourth quintile,1.02746758858384
IT.income.calibrated.2020.Fourth quintile.093,093,2020,Fourth quintile,14.3845462401737
IT.income.calibrated.2020.Fourth quintile.094,094,2020,Fourth quintile,11.3021434744222
IT.income.calibrated.2020.Fourth quintile.095,095,2020,Fourth quintile,8.2197407086707
IT.income.calibrated.2020.Fourth quintile.096,096,2020,Fourth quintile,4.10987035433535
IT.income.calibrated.2020.Fourth quintile.101,101,2020,Fourth quintile,0.751624640250259
IT.income.calibrated.2020.Fourth quintile.102,102,2020,Fourth quintile,0.751624640250259
IT.income.calibrated.2020.Fourth quintile.103,103,2020,Fourth quintile,1e-06
IT.income.calibrated.2020.Fourth quintile.104,104,2020,Fourth quintile,2.25487392075078
IT.income.calibrated.2020.Fourth quintile.105,105,2020,Fourth quintile,0.751624640250259
IT.income.calibrated.2020.Fourth quintile.111,111,2020,Fourth quintile,34.2413205716927
IT.income.calibrated.2020.Fourth quintile.112,112,2020,Fourth quintile,4.56550940955903
IT.income.calibrated.2020.Fourth quintile.121,121,2020,Fourth quintile,27.4951041282347
IT.income.calibrated.2020.Fourth quintile.122,122,2020,Fourth quintile,1.05750400493211e-06
IT.income.calibrated.2020.Fourth quintile.123,123,2020,Fourth quintile,4.23001601972842
IT.income.calibrated.2020.Fourth quintile.124,124,2020,Fourth quintile,2.11500800986421
IT.income.calibrated.2020.Fourth quintile.125,125,2020,Fourth quintile,30.6676161430311
IT.income.calibrated.2020.Fourth quintile.126,126,2020,Fourth quintile,0.26437679436103
IT.income.calibrated.2020.Fourth quintile.127,127,2020,Fourth quintile,12.6900480591853
IT.income.calibrated.2020.Second quintile.011,011,2020,Second quintile,209.630673026685
IT.income.calibrated.2020.Second quintile.012,012,2020,Second quintile,17.9363142696629
IT.income.calibrated.2020.Second quintile.021,021,2020,Second quintile,9.56685951466302
IT.income.calibrated.2020.Second quintile.022,022,2020,Second quintile,8.61017356319672
IT.income.calibrated.2020.Second quintile.023,023,2020,Second quintile,1e-06
IT.income.calibrated.2020.Second quintile.031,031,2020,Second quintile,23.5498774487195
IT.income.calibrated.2020.Second quintile.032,032,2020,Second quintile,7.30858265649915
IT.income.calibrated.2020.Second quintile.041,041,2020,Second quintile,37.1154093191991
IT.income.calibrated.2020.Second quintile.042,042,2020,Second quintile,270.412267897022
IT.income.calibrated.2020.Second quintile.043,043,2020,Second quintile,5.30220133131415
IT.income.calibrated.2020.Second quintile.044,044,2020,Second quintile,36.0549690529362
IT.income.calibrated.2020.Second quintile.045,045,2020,Second quintile,50.9011327806159
IT.income.calibrated.2020.Second quintile.051,051,2020,Second quintile,7.63089123781947
IT.income.calibrated.2020.Second quintile.052,052,2020,Second quintile,0.763089123781947
IT.income.calibrated.2020.Second quintile.053,053,2020,Second quintile,5.34162386647363
IT.income.calibrated.2020.Second quintile.054,054,2020,Second quintile,0.763089123781947
IT.income.calibrated.2020.Second quintile.055,055,2020,Second quintile,3.05235649512779
IT.income.calibrated.2020.Second quintile.056,056,2020,Second quintile,16.7879607232028
IT.income.calibrated.2020.Second quintile.061,061,2020,Second quintile,24.4711529228451
IT.income.calibrated.2020.Second quintile.062,062,2020,Second quintile,18.8239637868039
IT.income.calibrated.2020.Second quintile.063,063,2020,Second quintile,0.941198189340197
IT.income.calibrated.2020.Second quintile.071,071,2020,Second quintile,25.0128748673289
IT.income.calibrated.2020.Second quintile.072,072,2020,Second quintile,47.6051489410453
IT.income.calibrated.2020.Second quintile.073,073,2020,Second quintile,4.03433465602079
IT.income.calibrated.2020.Second quintile.081,081,2020,Second quintile,0.288599354136692
IT.income.calibrated.2020.Second quintile.082,082,2020,Second quintile,2.30878790672981
IT.income.calibrated.2020.Second quintile.083,083,2020,Second quintile,24.242273020663
IT.income.calibrated.2020.Second quintile.091,091,2020,Second quintile,2.6369006307902
IT.income.calibrated.2020.Second quintile.092,092,2020,Second quintile,0.878966876930067
IT.income.calibrated.2020.Second quintile.093,093,2020,Second quintile,12.3055362770209
IT.income.calibrated.2020.Second quintile.094,094,2020,Second quintile,9.66863564623074
IT.income.calibrated.2020.Second quintile.095,095,2020,Second quintile,7.03173501544054
IT.income.calibrated.2020.Second quintile.096,096,2020,Second quintile,3.51586750772027
IT.income.calibrated.2020.Second quintile.101,101,2020,Second quintile,0.496470106581523
IT.income.calibrated.2020.Second quintile.102,102,2020,Second quintile,0.496470106581523
IT.income.calibrated.2020.Second quintile.103,103,2020,Second quintile,1e-06
IT.income.calibrated.2020.Second quintile.104,104,2020,Second quintile,1.48941031974457
IT.income.calibrated.2020.Second quintile.105,105,2020,Second quintile,0.496470106581523
IT.income.calibrated.2020.Second quintile.111,111,2020,Second quintile,25.0914092616808
IT.income.calibrated.2020.Second quintile.112,112,2020,Second quintile,3.34552123489077
IT.income.calibrated.2020.Second quintile.121,121,2020,Second quintile,26.2984404625892
IT.income.calibrated.2020.Second quintile.122,122,2020,Second quintile,1.01147847933035e-06
IT.income.calibrated.2020.Second quintile.123,123,2020,Second quintile,4.04591391732141
IT.income.calibrated.2020.Second quintile.124,124,2020,Second quintile,2.0229569586607
IT.income.calibrated.2020.Second quintile.125,125,2020,Second quintile,29.3328759005802
IT.income.calibrated.2020.Second quintile.126,126,2020,Second quintile,0.252870378441448
IT.income.calibrated.2020.Second quintile.127,127,2020,Second quintile,12.1377417519642
IT.income.calibrated.2020.Third quintile.011,011,2020,Third quintile,206.991861542857
IT.income.calibrated.2020.Third quintile.012,012,2020,Third quintile,17.710533607945
IT.income.calibrated.2020.Third quintile.021,021,2020,Third quintile,10.5980662803769
IT.income.calibrated.2020.Third quintile.022,022,2020,Third quintile,9.53825965233918
IT.income.calibrated.2020.Third quintile.023,023,2020,Third quintile,1.05980662803769e-06
IT.income.calibrated.2020.Third quintile.031,031,2020,Third quintile,27.2754626820004
IT.income.calibrated.2020.Third quintile.032,032,2020,Third quintile,8.46479876337945
IT.income.calibrated.2020.Third quintile.041,041,2020,Third quintile,35.6563640532244
IT.income.calibrated.2020.Third quintile.042,042,2020,Third quintile,259.782080959206
IT.income.calibrated.2020.Third quintile.043,043,2020,Third quintile,5.09376629331777
IT.income.calibrated.2020.Third quintile.044,044,2020,Third quintile,34.6376107945608
IT.income.calibrated.2020.Third quintile.045,045,2020,Third quintile,48.9001564158506
IT.income.calibrated.2020.Third quintile.051,051,2020,Third quintile,7.8315913381413
IT.income.calibrated.2020.Third quintile.052,052,2020,Third quintile,0.78315913381413
IT.income.calibrated.2020.Third quintile.053,053,2020,Third quintile,5.48211393669891
IT.income.calibrated.2020.Third quintile.054,054,2020,Third quintile,0.78315913381413
IT.income.calibrated.2020.Third quintile.055,055,2020,Third quintile,3.13263653525652
IT.income.calibrated.2020.Third quintile.056,056,2020,Third quintile,17.2295009439109
IT.income.calibrated.2020.Third quintile.061,061,2020,Third quintile,24.5774313574195
IT.income.calibrated.2020.Third quintile.062,062,2020,Third quintile,18.9057164287842
IT.income.calibrated.2020.Third quintile.063,063,2020,Third quintile,0.945285821439211
IT.income.calibrated.2020.Third quintile.071,071,2020,Third quintile,26.0907836664449
IT.income.calibrated.2020.Third quintile.072,072,2020,Third quintile,49.6566527845242
IT.income.calibrated.2020.Third quintile.073,073,2020,Third quintile,4.20819091394273
IT.income.calibrated.2020.Third quintile.081,081,2020,Third quintile,0.274677150506963
IT.income.calibrated.2020.Third quintile.082,082,2020,Third quintile,2.19741061182386
IT.income.calibrated.2020.Third quintile.083,083,2020,Third quintile,23.0728114241506
IT.income.calibrated.2020.Third quintile.091,091,2020,Third quintile,2.82839834854727
IT.income.calibrated.2020.Third quintile.092,092,2020,Third quintile,0.942799449515756
IT.income.calibrated.2020.Third quintile.093,093,2020,Third quintile,13.1991922932206
IT.income.calibrated.2020.Third quintile.094,094,2020,Third quintile,10.3707939446733
IT.income.calibrated.2020.Third quintile.095,095,2020,Third quintile,7.54239559612605
IT.income.calibrated.2020.Third quintile.096,096,2020,Third quintile,3.77119779806303
IT.income.calibrated.2020.Third quintile.101,101,2020,Third quintile,0.604708255977718
IT.income.calibrated.2020.Third quintile.102,102,2020,Third quintile,0.604708255977718
IT.income.calibrated.2020.Third quintile.103,103,2020,Third quintile,1e-06
IT.income.calibrated.2020.Third quintile.104,104,2020,Third quintile,1.81412476793316
IT.income.calibrated.2020.Third quintile.105,105,2020,Third quintile,0.604708255977718
IT.income.calibrated.2020.Third quintile.111,111,2020,Third quintile,28.5447693958795
IT.income.calibrated.2020.Third quintile.112,112,2020,Third quintile,3.80596925278393
IT.income.calibrated.2020.Third quintile.121,121,2020,Third quintile,26.8150152347551
IT.income.calibrated.2020.Third quintile.122,122,2020,Third quintile,1.03134673979827e-06
IT.income.calibrated.2020.Third quintile.123,123,2020,Third quintile,4.12538695919309
IT.income.calibrated.2020.Third quintile.124,124,2020,Third quintile,2.06269347959654
IT.income.calibrated.2020.Third quintile.125,125,2020,Third quintile,29.9090554541499
IT.income.calibrated.2020.Third quintile.126,126,2020,Third quintile,0.257837458459623
IT.income.calibrated.2020.Third quintile.127,127,2020,Third quintile,12.3761608775793
