year,quintile,category,coicop,bridge_group,expense_share_pm,income_over_expense_factor,adjusted_share_pm
2015,Q1,First quintile,CP01,CP01_CP02,217.172004736466,1.00993377483444,211.603447033224
2015,Q1,First quintile,CP02,CP01_CP02,16.1965397817081,1.00993377483444,15.7812405516036
2020,Q1,First quintile,CP01,CP01_CP02,238.9130887695,1.00993377483444,232.536208614862
2020,Q1,First quintile,CP02,CP01_CP02,15.4906595658162,1.00993377483444,15.0771950709395
2015,Q1,First quintile,CP03,CP03,23.8552040993752,1,23.0149024240822
2020,Q1,First quintile,CP03,CP03,18.3269544790304,1,17.6623322011928
2015,Q1,First quintile,CP04,CP04,512.419413502721,1.03438395415473,511.367768909038
2020,Q1,First quintile,CP04,CP04,534.684049360393,1.03438395415473,533.011711009362
2015,Q1,First quintile,CP05,CP05,28.2646531547323,0.852941176470588,23.2588770335937
2020,Q1,First quintile,CP05,CP05,25.1062034075512,0.852941176470588,20.6375373250906
2015,Q1,First quintile,CP06,CP06,41.7768689571136,1.03571428571429,41.7447491603367
2020,Q1,First quintile,CP06,CP06,39.747574051588,1.03571428571429,39.6742149051624
2015,Q1,First quintile,CP07,CP07,46.6169214286216,0.661016949152542,29.7291290441469
2020,Q1,First quintile,CP07,CP07,31.0453278675649,0.661016949152542,19.7772814456062
2015,Q1,First quintile,CP08,CP08,30.5803267449643,1.03333333333333,30.4865697637026
2020,Q1,First quintile,CP08,CP08,27.4146129252231,1.03333333333333,27.3011100260354
2015,Q1,First quintile,CP09,CP09,20.2811845517732,1.06896551724138,20.9162109989773
2020,Q1,First quintile,CP09,CP09,15.0231220535021,1.06896551724138,15.4768167104497
2015,Q1,First quintile,CP10,CP10,1.28179569650605,0.333333333333333,0.412214776557816
2020,Q1,First quintile,CP10,CP10,1.60213404442704,0.333333333333333,0.514677688826926
2015,Q1,First quintile,CP11,CP11_CP12,14.8647477719154,1.54385964912281,22.1407007549927
2015,Q1,First quintile,CP12,CP11_CP12,46.6903395741037,1.54385964912281,69.5441895497443
2020,Q1,First quintile,CP11,CP11_CP12,9.73544738391645,1.54385964912281,14.4850993470009
2020,Q1,First quintile,CP12,CP11_CP12,42.9108260914875,1.54385964912281,63.8458156554717
2015,Q2,Second quintile,CP01,CP01_CP02,204.875111237992,1.0199203187251,204.359153952747
2015,Q2,Second quintile,CP02,CP01_CP02,18.8197583340714,1.0199203187251,18.772362672586
2020,Q2,Second quintile,CP01,CP01_CP02,235.295015245871,1.0199203187251,235.217860914851
2020,Q2,Second quintile,CP02,CP01_CP02,17.2963096854039,1.0199203187251,17.2906381449274
2015,Q2,Second quintile,CP03,CP03,34.6261383261821,1.08928571428571,36.8879497382772
2020,Q2,Second quintile,CP03,CP03,24.6006530099086,1.08928571428571,26.2651429597404
2015,Q2,Second quintile,CP04,CP04,453.157397128214,1.00867052023121,447.030393366586
2020,Q2,Second quintile,CP04,CP04,465.696437897552,1.00867052023121,460.408751163322
2015,Q2,Second quintile,CP05,CP05,32.7619721893597,0.897435897435897,28.7549174045353
2020,Q2,Second quintile,CP05,CP05,31.568702485161,0.897435897435897,27.7684408242357
2015,Q2,Second quintile,CP06,CP06,38.2473316834163,1.03225806451613,38.6125137885566
2020,Q2,Second quintile,CP06,CP06,41.1855130172441,1.03225806451613,41.6700565807977
2015,Q2,Second quintile,CP07,CP07,68.1899319843237,0.717741935483871,47.8660101497742
2020,Q2,Second quintile,CP07,CP07,55.7944564767339,0.717741935483871,39.2509975231451
2015,Q2,Second quintile,CP08,CP08,29.6376997345329,1.03846153846154,30.1004896090645
2020,Q2,Second quintile,CP08,CP08,27.6212671416506,1.03846153846154,28.1141747546517
2015,Q2,Second quintile,CP09,CP09,29.0646135197136,1.07894736842105,30.6692716549267
2020,Q2,Second quintile,CP09,CP09,23.873988850093,1.07894736842105,25.2473948677227
2015,Q2,Second quintile,CP10,CP10,2.2441652231369,0.444444444444444,0.975463356619841
2020,Q2,Second quintile,CP10,CP10,2.94228030093177,0.444444444444444,1.28171908662156
2015,Q2,Second quintile,CP11,CP11_CP12,26.2734775321247,1.34177215189873,34.4774377638059
2015,Q2,Second quintile,CP12,CP11_CP12,62.1024031069325,1.34177215189873,81.4940365425203
2020,Q2,Second quintile,CP11,CP11_CP12,18.8204545783564,1.34177215189873,24.7514250649371
2020,Q2,Second quintile,CP12,CP11_CP12,55.3049213110937,1.34177215189873,72.7333981150483
2015,Q3,Third quintile,CP01,CP01_CP02,198.400258354405,1.03125,201.441744672108
2015,Q3,Third quintile,CP02,CP01_CP02,20.6882445146948,1.03125,21.0053963830977
2020,Q3,Third quintile,CP01,CP01_CP02,232.040362023535,1.03125,236.121677414411
2020,Q3,Third quintile,CP02,CP01_CP02,20.3667272880375,1.03125,20.7249539207559
2015,Q3,Third quintile,CP03,CP03,41.0373327356288,1.078125,43.5603661518711
2020,Q3,Third quintile,CP03,CP03,32.4161387325492,1.078125,34.4856775385998
2015,Q3,Third quintile,CP04,CP04,392.85419457715,1,386.789498073469
2020,Q3,Third quintile,CP04,CP04,417.752013843188,1,412.217965996574
2015,Q3,Third quintile,CP05,CP05,38.1751912953925,0.869565217391304,32.6833572349455
2020,Q3,Third quintile,CP05,CP05,34.9127448166499,0.869565217391304,29.9567377582365
2015,Q3,Third quintile,CP06,CP06,39.9102073536686,1,39.2940925244519
2020,Q3,Third quintile,CP06,CP06,43.5737926951013,1,42.9965615971235
2015,Q3,Third quintile,CP07,CP07,84.7430938993243,0.755905511811024,63.0688783045997
2020,Q3,Third quintile,CP07,CP07,69.7097638319296,0.755905511811024,51.9959463959756
2015,Q3,Third quintile,CP08,CP08,27.4912470443942,1.04347826086957,28.2436698022106
2020,Q3,Third quintile,CP08,CP08,25.9800028857491,1.04347826086957,26.7504421377531
2015,Q3,Third quintile,CP09,CP09,41.5691659166951,1.10416666666667,45.1907159638951
2020,Q3,Third quintile,CP09,CP09,31.4590911842227,1.10416666666667,34.2759237721487
2015,Q3,Third quintile,CP10,CP10,3.66244650180659,0.666666666666667,2.40393826124977
2020,Q3,Third quintile,CP10,CP10,3.57086972990836,0.666666666666667,2.34904378375077
2015,Q3,Third quintile,CP11,CP11_CP12,39.6488084746032,1.24210526315789,48.4877265438318
2015,Q3,Third quintile,CP12,CP11_CP12,71.8198093322371,1.24210526315789,87.8306160842705
2020,Q3,Third quintile,CP11,CP11_CP12,25.6420000027799,1.24210526315789,31.4281387477919
2020,Q3,Third quintile,CP12,CP11_CP12,62.5764929663495,1.24210526315789,76.6969309368787
2015,Q4,Fourth quintile,CP01,CP01_CP02,184.642523461846,1.03015075376884,188.703524569836
2015,Q4,Fourth quintile,CP02,CP01_CP02,19.4816907923981,1.03015075376884,19.9101682980676
2020,Q4,Fourth quintile,CP01,CP01_CP02,209.204833668562,1.03015075376884,214.696562681191
2020,Q4,Fourth quintile,CP02,CP01_CP02,20.1791695616863,1.03015075376884,20.7088826136717
2015,Q4,Fourth quintile,CP03,CP03,47.1706223524161,1.08695652173913,50.8664324557248
2020,Q4,Fourth quintile,CP03,CP03,40.956974438716,1.08695652173913,44.3498986605454
2015,Q4,Fourth quintile,CP04,CP04,347.340731386995,0.993527508090615,342.360073425625
2020,Q4,Fourth quintile,CP04,CP04,368.383766443315,0.993527508090615,364.613690945485
2015,Q4,Fourth quintile,CP05,CP05,40.0058105531914,0.875,34.7279084073849
2020,Q4,Fourth quintile,CP05,CP05,42.5491083484134,0.875,37.0895110958134
2015,Q4,Fourth quintile,CP06,CP06,43.7428402973147,1,43.3964775278755
2020,Q4,Fourth quintile,CP06,CP06,46.3215348159776,1,46.1461563213463
2015,Q4,Fourth quintile,CP07,CP07,100.639439026281,0.796747967479675,79.5493566963649
2020,Q4,Fourth quintile,CP07,CP07,93.4660883202152,0.796747967479675,74.1869682801963
2015,Q4,Fourth quintile,CP08,CP08,26.023496959745,1.04761904761905,27.046840616394
2020,Q4,Fourth quintile,CP08,CP08,24.767762672706,1.04761904761905,25.8489410270394
2015,Q4,Fourth quintile,CP09,CP09,54.1291788337675,1.15094339622642,61.8063226108716
2020,Q4,Fourth quintile,CP09,CP09,39.7281838702917,1.15094339622642,45.5517713354432
2015,Q4,Fourth quintile,CP10,CP10,5.40147753673838,0.666666666666667,3.57247185211215
2020,Q4,Fourth quintile,CP10,CP10,5.69527584152783,0.666666666666667,3.78247526153037
2015,Q4,Fourth quintile,CP11,CP11_CP12,54.0213536798661,1.13559322033898,60.8605333627908
2015,Q4,Fourth quintile,CP12,CP11_CP12,77.4008351194409,1.13559322033898,87.199890176952
2020,Q4,Fourth quintile,CP11,CP11_CP12,37.1501674687254,1.13559322033898,42.0277518160904
2020,Q4,Fourth quintile,CP12,CP11_CP12,71.5971345498634,1.13559322033898,80.9973899616483
2015,Q5,Fifth quintile,CP01,CP01_CP02,145.575421712379,1.04255319148936,150.829115867922
2015,Q5,Fifth quintile,CP02,CP01_CP02,15.1239973760118,1.04255319148936,15.6698096820189
2020,Q5,Fifth quintile,CP01,CP01_CP02,164.254165307071,1.04255319148936,171.509918458145
2020,Q5,Fifth quintile,CP02,CP01_CP02,17.1534063344321,1.04255319148936,17.9111398252695
2015,Q5,Fifth quintile,CP03,CP03,56.3066280718201,1.13432835820896,63.4741971258647
2020,Q5,Fifth quintile,CP03,CP03,46.3421997414822,1.13432835820896,52.6489920415532
2015,Q5,Fifth quintile,CP04,CP04,296.846584999347,0.885185185185185,261.135009522837
2020,Q5,Fifth quintile,CP04,CP04,322.014290158944,0.885185185185185,285.485403695004
2015,Q5,Fifth quintile,CP05,CP05,49.8752182518462,1,49.5659820749553
2020,Q5,Fifth quintile,CP05,CP05,57.7780426108491,1,57.8678639304949
2015,Q5,Fifth quintile,CP06,CP06,50.2478701759229,1.04545454545455,52.2061563693258
2020,Q5,Fifth quintile,CP06,CP06,50.0592429294386,1.04545454545455,52.4160221444724
2015,Q5,Fifth quintile,CP07,CP07,142.90654898601,0.926136363636364,131.530349649039
2020,Q5,Fifth quintile,CP07,CP07,127.891466875902,0.926136363636364,118.629071701233
2015,Q5,Fifth quintile,CP08,CP08,21.1532642017941,1,21.0221097972661
2020,Q5,Fifth quintile,CP08,CP08,19.0343717774107,1,19.0639624716333
2015,Q5,Fifth quintile,CP09,CP09,65.2209352964013,1.46938775510204,95.2406487936698
2020,Q5,Fifth quintile,CP09,CP09,54.3213272270129,1.46938775510204,79.9431792426712
2015,Q5,Fifth quintile,CP10,CP10,9.28998568287878,0.818181818181818,7.55377031604459
2020,Q5,Fifth quintile,CP10,CP10,8.69981850701725,0.818181818181818,7.1290989661213
2015,Q5,Fifth quintile,CP11,CP11_CP12,63.9643058785237,1.03571428571429,65.8379901041054
2015,Q5,Fifth quintile,CP12,CP11_CP12,83.4892393670653,1.03571428571429,85.9348606969515
2020,Q5,Fifth quintile,CP11,CP11_CP12,45.6929170414851,1.03571428571429,47.3983777322524
2020,Q5,Fifth quintile,CP12,CP11_CP12,86.7587514889549,1.03571428571429,89.9969697911508
