series,category,year,month,date,price_index,annual_rate
Q5,Fifth quintile,2000,1,2000-01-01,98.7000372516565,
Q5,Fifth quintile,2000,2,2000-02-01,99.0375396070115,
Q5,Fifth quintile,2000,3,2000-03-01,99.4242424159695,
Q5,Fifth quintile,2000,4,2000-04-01,99.5140894363658,
Q5,Fifth quintile,2000,5,2000-05-01,99.6283635903085,
Q5,Fifth quintile,2000,6,2000-06-01,99.9618768055024,
Q5,Fifth quintile,2000,7,2000-07-01,100.09256169319,
Q5,Fifth quintile,2000,8,2000-08-01,100.246956575612,
Q5,Fifth quintile,2000,9,2000-09-01,100.633006967615,
Q5,Fifth quintile,2000,10,2000-10-01,100.711431023636,
Q5,Fifth quintile,2000,11,2000-11-01,100.836155969596,
Q5,Fifth quintile,2000,12,2000-12-01,101.213738663536,
Q5,Fifth quintile,2001,1,2001-01-01,100.836016215338,2.16411160842396
Q5,Fifth quintile,2001,2,2001-02-01,101.179588468679,2.16286558628911
Q5,Fifth quintile,2001,3,2001-03-01,101.676716366297,2.26551784111477
Q5,Fifth quintile,2001,4,2001-04-01,102.226207190832,2.72536056936961
Q5,Fifth quintile,2001,5,2001-05-01,102.602800451824,2.9855321861421
Q5,Fifth quintile,2001,6,2001-06-01,102.782278798552,2.82147763045386
Q5,Fifth quintile,2001,7,2001-07-01,102.61613159008,2.52123619797542
Q5,Fifth quintile,2001,8,2001-08-01,102.656539699741,2.4036471594139
Q5,Fifth quintile,2001,9,2001-09-01,102.868256081921,2.22118883422127
Q5,Fifth quintile,2001,10,2001-10-01,103.009417027809,2.28175290611692
Q5,Fifth quintile,2001,11,2001-11-01,102.937690791256,2.08410842465367
Q5,Fifth quintile,2001,12,2001-12-01,103.495908887181,2.25480281015196
Q5,Fifth quintile,2002,1,2002-01-01,103.536121091453,2.67771871346869
Q5,Fifth quintile,2002,2,2002-02-01,103.787259272078,2.57726962805942
Q5,Fifth quintile,2002,3,2002-03-01,104.354042296052,2.63317505269372
Q5,Fifth quintile,2002,4,2002-04-01,104.822724366358,2.5399721332509
Q5,Fifth quintile,2002,5,2002-05-01,105.032299545681,2.36786820940469
Q5,Fifth quintile,2002,6,2002-06-01,105.047340717584,2.20374751903663
Q5,Fifth quintile,2002,7,2002-07-01,104.988418127419,2.31180663369301
Q5,Fifth quintile,2002,8,2002-08-01,105.133414899032,2.41277877331145
Q5,Fifth quintile,2002,9,2002-09-01,105.346995888781,2.40962557475997
Q5,Fifth quintile,2002,10,2002-10-01,105.613447958998,2.52795424566405
Q5,Fifth quintile,2002,11,2002-11-01,105.523631833761,2.51214207607291
Q5,Fifth quintile,2002,12,2002-12-01,106.030471136282,2.44894921582257
Q5,Fifth quintile,2003,1,2003-01-01,105.840024495604,2.22521703523766
Q5,Fifth quintile,2003,2,2003-02-01,106.284345718425,2.40596626586014
Q5,Fifth quintile,2003,3,2003-03-01,106.917520788262,2.45652054851655
Q5,Fifth quintile,2003,4,2003-04-01,107.064437172364,2.1385752178801
Q5,Fifth quintile,2003,5,2003-05-01,107.019588261815,1.89207389034536
Q5,Fifth quintile,2003,6,2003-06-01,107.15925714513,2.01044254249469
Q5,Fifth quintile,2003,7,2003-07-01,107.058469896968,1.9716953607557
Q5,Fifth quintile,2003,8,2003-08-01,107.276851531804,2.03877771385117
Q5,Fifth quintile,2003,9,2003-09-01,107.539372135196,2.08109991928964
Q5,Fifth quintile,2003,10,2003-10-01,107.69344565582,1.96944398371461
Q5,Fifth quintile,2003,11,2003-11-01,107.68241822616,2.0457847734056
Q5,Fifth quintile,2003,12,2003-12-01,108.020124706698,1.87649224708109
Q5,Fifth quintile,2004,1,2004-01-01,107.733837655813,1.78931663067383
Q5,Fifth quintile,2004,2,2004-02-01,108.043318731409,1.65496903715683
Q5,Fifth quintile,2004,3,2004-03-01,108.633224602692,1.60469846455498
Q5,Fifth quintile,2004,4,2004-04-01,109.173900040479,1.97027409271251
Q5,Fifth quintile,2004,5,2004-05-01,109.52707876528,2.34302013695957
Q5,Fifth quintile,2004,6,2004-06-01,109.643122527297,2.31791956041931
Q5,Fifth quintile,2004,7,2004-07-01,109.49021914744,2.27142163792609
Q5,Fifth quintile,2004,8,2004-08-01,109.799571184971,2.35159740162472
Q5,Fifth quintile,2004,9,2004-09-01,109.913734340384,2.207900379224
Q5,Fifth quintile,2004,10,2004-10-01,110.297560462595,2.41808105490231
Q5,Fifth quintile,2004,11,2004-11-01,110.188759248054,2.32753040206555
Q5,Fifth quintile,2004,12,2004-12-01,110.439355738977,2.23961140467803
Q5,Fifth quintile,2005,1,2005-01-01,109.761199000244,1.8818241218765
Q5,Fifth quintile,2005,2,2005-02-01,110.170095118093,1.96844785189376
Q5,Fifth quintile,2005,3,2005-03-01,110.952549092297,2.13500473551103
Q5,Fifth quintile,2005,4,2005-04-01,111.430802194062,2.06725430963404
Q5,Fifth quintile,2005,5,2005-05-01,111.664615570078,1.95160578451907
Q5,Fifth quintile,2005,6,2005-06-01,111.82050353446,1.98588015096124
Q5,Fifth quintile,2005,7,2005-07-01,111.759907184958,2.07295962615763
Q5,Fifth quintile,2005,8,2005-08-01,112.073345284659,2.07084060087759
Q5,Fifth quintile,2005,9,2005-09-01,112.570296328411,2.41695180676835
Q5,Fifth quintile,2005,10,2005-10-01,112.864939203194,2.32768406647563
Q5,Fifth quintile,2005,11,2005-11-01,112.631058896626,2.21646896220549
Q5,Fifth quintile,2005,12,2005-12-01,112.960784570816,2.2830890446321
Q5,Fifth quintile,2006,1,2006-01-01,112.26023063793,2.27678966743112
Q5,Fifth quintile,2006,2,2006-02-01,112.5684017319,2.17691253804986
Q5,Fifth quintile,2006,3,2006-03-01,113.231379129976,2.0538780373428
Q5,Fifth quintile,2006,4,2006-04-01,114.000805420851,2.30636697949402
Q5,Fifth quintile,2006,5,2006-05-01,114.281411082316,2.34344201059447
Q5,Fifth quintile,2006,6,2006-06-01,114.381007776896,2.28983429827481
Q5,Fifth quintile,2006,7,2006-07-01,114.270592712915,2.24649929585443
Q5,Fifth quintile,2006,8,2006-08-01,114.401403882652,2.07726341359753
Q5,Fifth quintile,2006,9,2006-09-01,114.412181622651,1.6362089772479
Q5,Fifth quintile,2006,10,2006-10-01,114.560998463456,1.50273350806356
Q5,Fifth quintile,2006,11,2006-11-01,114.596994308451,1.74546473333774
Q5,Fifth quintile,2006,12,2006-12-01,115.02265464766,1.82529723450326
Q5,Fifth quintile,2007,1,2007-01-01,114.323893797605,1.83828515935549
Q5,Fifth quintile,2007,2,2007-02-01,114.719931815114,1.91130907973449
Q5,Fifth quintile,2007,3,2007-03-01,115.49892747378,2.00257946271316
Q5,Fifth quintile,2007,4,2007-04-01,116.293748395516,2.01133927624448
Q5,Fifth quintile,2007,5,2007-05-01,116.549100989182,1.98430338354159
Q5,Fifth quintile,2007,6,2007-06-01,116.701976994034,2.02915611800294
Q5,Fifth quintile,2007,7,2007-07-01,116.477782297357,1.9315464565641
Q5,Fifth quintile,2007,8,2007-08-01,116.575363409372,1.90029095180502
Q5,Fifth quintile,2007,9,2007-09-01,116.966578055147,2.23262627831087
Q5,Fifth quintile,2007,10,2007-10-01,117.522472840901,2.58506334369124
Q5,Fifth quintile,2007,11,2007-11-01,118.059959650828,3.02186402293918
Q5,Fifth quintile,2007,12,2007-12-01,118.513715857825,3.03510749326614
Q5,Fifth quintile,2008,1,2008-01-01,117.85199483724,3.0860574482191
Q5,Fifth quintile,2008,2,2008-02-01,118.285153131288,3.10776101394512
Q5,Fifth quintile,2008,3,2008-03-01,119.491090354379,3.45645017483414
Q5,Fifth quintile,2008,4,2008-04-01,119.924522231747,3.12207138072755
Q5,Fifth quintile,2008,5,2008-05-01,120.616202183369,3.4896032313156
Q5,Fifth quintile,2008,6,2008-06-01,121.107399588067,3.77493398784277
Q5,Fifth quintile,2008,7,2008-07-01,120.93892762972,3.83003972463558
Q5,Fifth quintile,2008,8,2008-08-01,120.819692585651,3.64084576032961
Q5,Fifth quintile,2008,9,2008-09-01,121.053248980003,3.49387918566715
Q5,Fifth quintile,2008,10,2008-10-01,121.238999210979,3.16239633172906
Q5,Fifth quintile,2008,11,2008-11-01,120.714653885688,2.24859829082715
Q5,Fifth quintile,2008,12,2008-12-01,120.583431466958,1.74639331334137
Q5,Fifth quintile,2009,1,2009-01-01,119.520538582853,1.41579592939225
Q5,Fifth quintile,2009,2,2009-02-01,120.046482206004,1.48905338336147
Q5,Fifth quintile,2009,3,2009-03-01,120.537282791095,0.875540120701679
Q5,Fifth quintile,2009,4,2009-04-01,120.987642094686,0.886490805345708
Q5,Fifth quintile,2009,5,2009-05-01,121.035708608436,0.347802714289491
Q5,Fifth quintile,2009,6,2009-06-01,121.282297394666,0.144415458671165
Q5,Fifth quintile,2009,7,2009-07-01,120.582597825803,-0.29463615305686
Q5,Fifth quintile,2009,8,2009-08-01,120.99392478076,0.144208441008553
Q5,Fifth quintile,2009,9,2009-09-01,121.049822949953,-0.00283018430209392
Q5,Fifth quintile,2009,10,2009-10-01,121.400403806429,0.133129270697241
Q5,Fifth quintile,2009,11,2009-11-01,121.504036974679,0.653924824850649
Q5,Fifth quintile,2009,12,2009-12-01,121.867913079985,1.06522230906911
Q5,Fifth quintile,2010,1,2010-01-01,120.719553315932,1.00318719049912
Q5,Fifth quintile,2010,2,2010-02-01,121.102002859879,0.879259962040258
Q5,Fifth quintile,2010,3,2010-03-01,122.427390773756,1.56806918066739
Q5,Fifth quintile,2010,4,2010-04-01,122.946320703551,1.61890799337336
Q5,Fifth quintile,2010,5,2010-05-01,123.079389785937,1.68849441292747
Q5,Fifth quintile,2010,6,2010-06-01,123.120716935191,1.51581853247875
Q5,Fifth quintile,2010,7,2010-07-01,122.624650760731,1.69348892107732
Q5,Fifth quintile,2010,8,2010-08-01,122.829528268913,1.5171038475517
Q5,Fifth quintile,2010,9,2010-09-01,123.21424909601,1.78804569334401
Q5,Fifth quintile,2010,10,2010-10-01,123.65505468047,1.85720212070766
Q5,Fifth quintile,2010,11,2010-11-01,123.69034461175,1.7993703678556
Q5,Fifth quintile,2010,12,2010-12-01,124.39786462039,2.07597839042655
Q5,Fifth quintile,2011,1,2011-01-01,123.401435773029,2.22158083212785
Q5,Fifth quintile,2011,2,2011-02-01,123.927715775495,2.33333293329998
Q5,Fifth quintile,2011,3,2011-03-01,125.635238698215,2.6202044364293
Q5,Fifth quintile,2011,4,2011-04-01,126.345605697051,2.76485296513775
Q5,Fifth quintile,2011,5,2011-05-01,126.319501361141,2.63253789350097
Q5,Fifth quintile,2011,6,2011-06-01,126.411899987465,2.67313506142648
Q5,Fifth quintile,2011,7,2011-07-01,125.772095663526,2.56673098212239
Q5,Fifth quintile,2011,8,2011-08-01,125.9764766769,2.56204550513117
Q5,Fifth quintile,2011,9,2011-09-01,126.843398135558,2.9453971972998
Q5,Fifth quintile,2011,10,2011-10-01,127.298452612691,2.94642054191436
Q5,Fifth quintile,2011,11,2011-11-01,127.351993465003,2.96033523453021
Q5,Fifth quintile,2011,12,2011-12-01,127.803200845462,2.73745553065905
Q5,Fifth quintile,2012,1,2012-01-01,126.626130819669,2.61317465752244
Q5,Fifth quintile,2012,2,2012-02-01,127.215080546483,2.65264694859984
Q5,Fifth quintile,2012,3,2012-03-01,128.88865229468,2.58957091193155
Q5,Fifth quintile,2012,4,2012-04-01,129.50850116952,2.50336800794841
Q5,Fifth quintile,2012,5,2012-05-01,129.347404815267,2.39701979623039
Q5,Fifth quintile,2012,6,2012-06-01,129.268017869258,2.25937422194953
Q5,Fifth quintile,2012,7,2012-07-01,128.695064957272,2.32402050576113
Q5,Fifth quintile,2012,8,2012-08-01,129.146012282615,2.51597416384666
Q5,Fifth quintile,2012,9,2012-09-01,130.021947509643,2.50588475301532
Q5,Fifth quintile,2012,10,2012-10-01,130.38257315402,2.42274786380403
Q5,Fifth quintile,2012,11,2012-11-01,130.086687071688,2.14735045151557
Q5,Fifth quintile,2012,12,2012-12-01,130.563094957966,2.15948747311998
Q5,Fifth quintile,2013,1,2013-01-01,129.256025133915,2.07689700160829
Q5,Fifth quintile,2013,2,2013-02-01,129.661409018913,1.92298622295559
Q5,Fifth quintile,2013,3,2013-03-01,131.247392176192,1.83006016396212
Q5,Fifth quintile,2013,4,2013-04-01,131.267654788947,1.35833061423893
Q5,Fifth quintile,2013,5,2013-05-01,131.323213905276,1.52752124623678
Q5,Fifth quintile,2013,6,2013-06-01,131.455690379929,1.69235403058698
Q5,Fifth quintile,2013,7,2013-07-01,130.790216449558,1.62799676349847
Q5,Fifth quintile,2013,8,2013-08-01,130.937312570808,1.38703492003509
Q5,Fifth quintile,2013,9,2013-09-01,131.641400193873,1.24552255618979
Q5,Fifth quintile,2013,10,2013-10-01,131.58782987022,0.924400161036498
Q5,Fifth quintile,2013,11,2013-11-01,131.399195135538,1.00894879667981
Q5,Fifth quintile,2013,12,2013-12-01,131.77791049137,0.930443272499915
Q5,Fifth quintile,2014,1,2014-01-01,130.263193162368,0.779203930655892
Q5,Fifth quintile,2014,2,2014-02-01,130.663340317871,0.772728992025584
Q5,Fifth quintile,2014,3,2014-03-01,131.972182250491,0.552231981360851
Q5,Fifth quintile,2014,4,2014-04-01,132.273932023709,0.76658430165395
Q5,Fifth quintile,2014,5,2014-05-01,132.170230109496,0.644985893225369
Q5,Fifth quintile,2014,6,2014-06-01,132.350336611912,0.680568661118608
Q5,Fifth quintile,2014,7,2014-07-01,131.556363738206,0.585783332611345
Q5,Fifth quintile,2014,8,2014-08-01,131.714544234552,0.593590664481991
Q5,Fifth quintile,2014,9,2014-09-01,132.233851177122,0.45004913528417
Q5,Fifth quintile,2014,10,2014-10-01,132.234565170257,0.491485649300194
Q5,Fifth quintile,2014,11,2014-11-01,131.959823600255,0.426660501335974
Q5,Fifth quintile,2014,12,2014-12-01,131.797663429343,0.0149895668393407
Q5,Fifth quintile,2015,1,2015-01-01,129.794823262666,-0.359556593333332
Q5,Fifth quintile,2015,2,2015-02-01,130.518343055962,-0.110970117216169
Q5,Fifth quintile,2015,3,2015-03-01,132.124343723223,0.115298140969067
Q5,Fifth quintile,2015,4,2015-04-01,132.706022380455,0.326663273810257
Q5,Fifth quintile,2015,5,2015-05-01,133.032668700677,0.652521063530909
Q5,Fifth quintile,2015,6,2015-06-01,133.049905818089,0.528573801990717
Q5,Fifth quintile,2015,7,2015-07-01,132.337400764857,0.593690038594708
Q5,Fifth quintile,2015,8,2015-08-01,132.353483493681,0.485093930091396
Q5,Fifth quintile,2015,9,2015-09-01,132.566614706428,0.251647763673479
Q5,Fifth quintile,2015,10,2015-10-01,132.794292751142,0.423283866940416
Q5,Fifth quintile,2015,11,2015-11-01,132.187729848514,0.172708815487166
Q5,Fifth quintile,2015,12,2015-12-01,132.212161685436,0.314495906306211
Q5,Fifth quintile,2016,1,2016-01-01,130.241720316921,0.344310383897839
Q5,Fifth quintile,2016,2,2016-02-01,130.461386505569,-0.0436387323493159
Q5,Fifth quintile,2016,3,2016-03-01,132.161866933163,0.0283999215309638
Q5,Fifth quintile,2016,4,2016-04-01,132.538211570066,-0.126453048157393
Q5,Fifth quintile,2016,5,2016-05-01,133.068567941736,0.0269852821940253
Q5,Fifth quintile,2016,6,2016-06-01,133.347960399452,0.224017130662846
Q5,Fifth quintile,2016,7,2016-07-01,132.67486701309,0.255004440379381
Q5,Fifth quintile,2016,8,2016-08-01,132.816323922238,0.349700224232019
Q5,Fifth quintile,2016,9,2016-09-01,133.320580087728,0.568744538713428
Q5,Fifth quintile,2016,10,2016-10-01,133.613004072433,0.616525984912375
Q5,Fifth quintile,2016,11,2016-11-01,133.091011948625,0.683332788259783
Q5,Fifth quintile,2016,12,2016-12-01,133.708614211821,1.1318569391114
Q5,Fifth quintile,2017,1,2017-01-01,132.533353743011,1.75952330828622
Q5,Fifth quintile,2017,2,2017-02-01,133.006288690141,1.95069380506943
Q5,Fifth quintile,2017,3,2017-03-01,134.221931356904,1.55874343450537
Q5,Fifth quintile,2017,4,2017-04-01,135.07112843395,1.91108423290058
Q5,Fifth quintile,2017,5,2017-05-01,134.979783550403,1.43626375351316
Q5,Fifth quintile,2017,6,2017-06-01,135.137705103053,1.34216128858669
Q5,Fifth quintile,2017,7,2017-07-01,134.541888154359,1.40721538547655
Q5,Fifth quintile,2017,8,2017-08-01,134.959320266339,1.61350373268563
Q5,Fifth quintile,2017,9,2017-09-01,135.404080853324,1.56277505260225
Q5,Fifth quintile,2017,10,2017-10-01,135.487903986479,1.40323161436366
Q5,Fifth quintile,2017,11,2017-11-01,135.088018502389,1.50048190672332
Q5,Fifth quintile,2017,12,2017-12-01,135.47561187766,1.32152866608828
Q5,Fifth quintile,2018,1,2018-01-01,134.345348214516,1.36719883737235
Q5,Fifth quintile,2018,2,2018-02-01,134.610779619563,1.20632711823157
Q5,Fifth quintile,2018,3,2018-03-01,136.127825546033,1.41995735708893
Q5,Fifth quintile,2018,4,2018-04-01,136.738661014814,1.23455885813453
Q5,Fifth quintile,2018,5,2018-05-01,137.586355463933,1.93108319258544
Q5,Fifth quintile,2018,6,2018-06-01,137.809106157108,1.97679918570264
Q5,Fifth quintile,2018,7,2018-07-01,137.566094395833,2.24778043697791
Q5,Fifth quintile,2018,8,2018-08-01,137.809888077069,2.11216817416113
Q5,Fifth quintile,2018,9,2018-09-01,138.29234335815,2.13306902319652
Q5,Fifth quintile,2018,10,2018-10-01,138.59808881434,2.29554427838237
Q5,Fifth quintile,2018,11,2018-11-01,137.815797400726,2.01926042633329
Q5,Fifth quintile,2018,12,2018-12-01,137.665103047306,1.61615152668433
Q5,Fifth quintile,2019,1,2019-01-01,136.26402092094,1.42816460110036
Q5,Fifth quintile,2019,2,2019-02-01,136.662934715566,1.52451022258546
Q5,Fifth quintile,2019,3,2019-03-01,138.132380163586,1.47255317530615
Q5,Fifth quintile,2019,4,2019-04-01,139.267952684741,1.84972680817221
Q5,Fifth quintile,2019,5,2019-05-01,139.522939632393,1.40754085819801
Q5,Fifth quintile,2019,6,2019-06-01,139.745688169071,1.40526418461475
Q5,Fifth quintile,2019,7,2019-07-01,139.135167114395,1.1405955264288
Q5,Fifth quintile,2019,8,2019-08-01,139.346114969295,1.11474358891204
Q5,Fifth quintile,2019,9,2019-09-01,139.594039839563,0.941264317173052
Q5,Fifth quintile,2019,10,2019-10-01,139.720518582939,0.809845055007985
Q5,Fifth quintile,2019,11,2019-11-01,139.120977937849,0.947047117775779
Q5,Fifth quintile,2019,12,2019-12-01,139.501600963343,1.33403300864596
Q5,Fifth quintile,2020,1,2020-01-01,138.103002132156,1.34957210185556
Q5,Fifth quintile,2020,2,2020-02-01,138.301968036926,1.19932542409682
Q5,Fifth quintile,2020,3,2020-03-01,139.046059832611,0.661452201100965
Q5,Fifth quintile,2020,4,2020-04-01,139.511692080644,0.175014704534759
Q5,Fifth quintile,2020,5,2020-05-01,139.397846423611,-0.0896578076065024
Q5,Fifth quintile,2020,6,2020-06-01,139.83729763121,0.0655544105431449
Q5,Fifth quintile,2020,7,2020-07-01,139.391742993043,0.184407640404083
Q5,Fifth quintile,2020,8,2020-08-01,138.886257948164,-0.330010650983736
Q5,Fifth quintile,2020,9,2020-09-01,138.788143311721,-0.577314424576114
Q5,Fifth quintile,2020,10,2020-10-01,138.989837870661,-0.522958774909133
Q5,Fifth quintile,2020,11,2020-11-01,138.447895922051,-0.483810583979061
Q5,Fifth quintile,2020,12,2020-12-01,138.870147223737,-0.452649815661699
Q5,Fifth quintile,2021,1,2021-01-01,139.080386893886,0.707721589422561
Q5,Fifth quintile,2021,2,2021-02-01,139.382941066493,0.781603504932105
Q5,Fifth quintile,2021,3,2021-03-01,140.724505656097,1.20711498442028
Q5,Fifth quintile,2021,4,2021-04-01,141.533627629139,1.44929469232364
Q5,Fifth quintile,2021,5,2021-05-01,141.879800338546,1.78048225177978
Q5,Fifth quintile,2021,6,2021-06-01,142.328602251546,1.78157377361963
Q5,Fifth quintile,2021,7,2021-07-01,142.35410865854,2.12520885519374
Q5,Fifth quintile,2021,8,2021-08-01,142.941850487428,2.92008194272031
Q5,Fifth quintile,2021,9,2021-09-01,143.538608037902,3.42281740559915
Q5,Fifth quintile,2021,10,2021-10-01,144.765899650754,4.15574395120031
Q5,Fifth quintile,2021,11,2021-11-01,145.377474716999,5.00518895487578
Q5,Fifth quintile,2021,12,2021-12-01,145.928258701805,5.08252610022493
Q5,Fifth quintile,2022,1,2022-01-01,146.359204602946,5.23353283063124
Q5,Fifth quintile,2022,2,2022-02-01,147.715661939479,5.97829318941643
Q5,Fifth quintile,2022,3,2022-03-01,151.533227024399,7.68076698362461
Q5,Fifth quintile,2022,4,2022-04-01,152.566116986306,7.79495978586478
Q5,Fifth quintile,2022,5,2022-05-01,153.940729308602,8.50080768458721
Q5,Fifth quintile,2022,6,2022-06-01,155.253762479818,9.08121067993688
Q5,Fifth quintile,2022,7,2022-07-01,155.591309470383,9.29878381213078
Q5,Fifth quintile,2022,8,2022-08-01,156.677626800214,9.60934552473391
Q5,Fifth quintile,2022,9,2022-09-01,158.600045234613,10.4929519678312
Q5,Fifth quintile,2022,10,2022-10-01,160.77599394017,11.0592994123893
Q5,Fifth quintile,2022,11,2022-11-01,160.384364809222,10.3227065413238
Q5,Fifth quintile,2022,12,2022-12-01,159.55422463043,9.33744159619503
Q5,Fifth quintile,2023,1,2023-01-01,159.325475539516,8.85921112494799
Q5,Fifth quintile,2023,2,2023-02-01,160.306658520869,8.52380608533441
Q5,Fifth quintile,2023,3,2023-03-01,161.703022198265,6.71126417193546
Q5,Fifth quintile,2023,4,2023-04-01,162.966360933099,6.81687661207662
Q5,Fifth quintile,2023,5,2023-05-01,163.09760489174,5.94831246042828
Q5,Fifth quintile,2023,6,2023-06-01,163.598946087997,5.37518928680609
Q5,Fifth quintile,2023,7,2023-07-01,163.683203904147,5.20073676435264
Q5,Fifth quintile,2023,8,2023-08-01,164.623154155605,5.07125842895435
Q5,Fifth quintile,2023,9,2023-09-01,164.97756865274,4.02113593895468
Q5,Fifth quintile,2023,10,2023-10-01,165.11039573274,2.69592598145125
Q5,Fifth quintile,2023,11,2023-11-01,163.986946267973,2.24621736852964
Q5,Fifth quintile,2023,12,2023-12-01,164.164439827144,2.88943474069217
Q5,Fifth quintile,2024,1,2024-01-01,163.623725342961,2.69777936572297
Q5,Fifth quintile,2024,2,2024-02-01,164.602208688198,2.67958312334837
Q5,Fifth quintile,2024,3,2024-03-01,165.85132017622,2.56538061043046
Q5,Fifth quintile,2024,4,2024-04-01,167.1007058027,2.53693145378511
Q5,Fifth quintile,2024,5,2024-05-01,167.633760505608,2.78125213235272
Q5,Fifth quintile,2024,6,2024-06-01,168.043625907659,2.71681445751555
Q5,Fifth quintile,2024,7,2024-07-01,168.125006307966,2.71365802835799
Q5,Fifth quintile,2024,8,2024-08-01,168.392760667601,2.28983980493573
Q5,Fifth quintile,2024,9,2024-09-01,168.074118269191,1.87695190427319
Q5,Fifth quintile,2024,10,2024-10-01,168.482996287037,2.04263368113813
Q5,Fifth quintile,2024,11,2024-11-01,167.685647851496,2.25548537106097
Q5,Fifth quintile,2024,12,2024-12-01,168.135323528777,2.41884521752342
Q5,Fifth quintile,2025,1,2025-01-01,167.643961562847,2.45700078729985
Q5,Fifth quintile,2025,2,2025-02-01,168.449193405797,2.3371403994261
Q5,Fifth quintile,2025,3,2025-03-01,169.560372660264,2.23637199878985
Q5,Fifth quintile,2025,4,2025-04-01,170.789110709232,2.20729463039315
Q5,Fifth quintile,2025,5,2025-05-01,170.860554015182,1.92490671320751
Q5,Fifth quintile,2025,6,2025-06-01,171.46621107882,2.0367241855646
Q5,Fifth quintile,2025,7,2025-07-01,171.58773977259,2.05961834034456
Q5,Fifth quintile,2025,8,2025-08-01,171.856932046086,2.05719733125769
Q5,Fifth quintile,2025,9,2025-09-01,171.930088027483,2.29420793516586
Q5,Fifth quintile,2025,10,2025-10-01,172.21109973286,2.21274759351457
Q5,Fifth quintile,2025,11,2025-11-01,171.51210506397,2.28192290843083
Q5,Fifth quintile,2025,12,2025-12-01,171.683923555787,2.11056186917391
Q5,Fifth quintile,2026,1,2026-01-01,170.665096829875,1.80211397944987
Q5,Fifth quintile,2026,2,2026-02-01,171.947685293987,2.07688254093439
Q5,Fifth quintile,2026,3,2026-03-01,174.326250192573,2.81072603081503
Q5,Fifth quintile,2026,4,2026-04-01,176.530564586447,3.36172127916834
Q1,First quintile,2000,1,2000-01-01,98.88880938871,
Q1,First quintile,2000,2,2000-02-01,99.1534283583375,
Q1,First quintile,2000,3,2000-03-01,99.4580299550838,
Q1,First quintile,2000,4,2000-04-01,99.5311676654214,
Q1,First quintile,2000,5,2000-05-01,99.6997023563176,
Q1,First quintile,2000,6,2000-06-01,99.866974496629,
Q1,First quintile,2000,7,2000-07-01,99.8995216559842,
Q1,First quintile,2000,8,2000-08-01,100.0614032622,
Q1,First quintile,2000,9,2000-09-01,100.602885374689,
Q1,First quintile,2000,10,2000-10-01,100.726258556081,
Q1,First quintile,2000,11,2000-11-01,100.947283390481,
Q1,First quintile,2000,12,2000-12-01,101.164535540065,
Q1,First quintile,2001,1,2001-01-01,100.969744982542,2.10431858437357
Q1,First quintile,2001,2,2001-02-01,101.209690986197,2.07381899133967
Q1,First quintile,2001,3,2001-03-01,101.70694536273,2.26117027319115
Q1,First quintile,2001,4,2001-04-01,102.190416697076,2.67177517759458
Q1,First quintile,2001,5,2001-05-01,102.553130102874,2.86202233218185
Q1,First quintile,2001,6,2001-06-01,102.724922231751,2.86175459858198
Q1,First quintile,2001,7,2001-07-01,102.510164192593,2.61326830532682
Q1,First quintile,2001,8,2001-08-01,102.509897915292,2.4469921201044
Q1,First quintile,2001,9,2001-09-01,102.83098444669,2.21474668813106
Q1,First quintile,2001,10,2001-10-01,103.020725268985,2.27792310147923
Q1,First quintile,2001,11,2001-11-01,103.00208753222,2.03552198011168
Q1,First quintile,2001,12,2001-12-01,103.448331128934,2.25750612769247
Q1,First quintile,2002,1,2002-01-01,103.70501503891,2.70899966800993
Q1,First quintile,2002,2,2002-02-01,103.851842159211,2.61057132698361
Q1,First quintile,2002,3,2002-03-01,104.355338284155,2.6039450029494
Q1,First quintile,2002,4,2002-04-01,104.793304677325,2.54709596494238
Q1,First quintile,2002,5,2002-05-01,104.954026730463,2.34112466892038
Q1,First quintile,2002,6,2002-06-01,104.91621970793,2.13317024590729
Q1,First quintile,2002,7,2002-07-01,104.748534076277,2.18355896833646
Q1,First quintile,2002,8,2002-08-01,104.829467111679,2.26277583292858
Q1,First quintile,2002,9,2002-09-01,105.188289973574,2.29240781809883
Q1,First quintile,2002,10,2002-10-01,105.48221273239,2.38931288532238
Q1,First quintile,2002,11,2002-11-01,105.467137087512,2.39320349164844
Q1,First quintile,2002,12,2002-12-01,105.824211101409,2.2966827463984
Q1,First quintile,2003,1,2003-01-01,105.869502556863,2.08715800016142
Q1,First quintile,2003,2,2003-02-01,106.25252149779,2.31163866587736
Q1,First quintile,2003,3,2003-03-01,106.871590476407,2.41123476156124
Q1,First quintile,2003,4,2003-04-01,106.992898672752,2.09898332932614
Q1,First quintile,2003,5,2003-05-01,106.983305501416,1.93349301038708
Q1,First quintile,2003,6,2003-06-01,107.077465047268,2.05997256225483
Q1,First quintile,2003,7,2003-07-01,106.88220310204,2.03694404373209
Q1,First quintile,2003,8,2003-08-01,107.002687919998,2.07310107376866
Q1,First quintile,2003,9,2003-09-01,107.438525994107,2.13924574788613
Q1,First quintile,2003,10,2003-10-01,107.662294453182,2.06677662927275
Q1,First quintile,2003,11,2003-11-01,107.773614381746,2.18691561933668
Q1,First quintile,2003,12,2003-12-01,107.940953675792,2.00024413350399
Q1,First quintile,2004,1,2004-01-01,107.767827543134,1.79308010373558
Q1,First quintile,2004,2,2004-02-01,107.95741695171,1.60456940681266
Q1,First quintile,2004,3,2004-03-01,108.571699486534,1.59079602216803
Q1,First quintile,2004,4,2004-04-01,109.009783512959,1.88506421007935
Q1,First quintile,2004,5,2004-05-01,109.312567117655,2.1772197122923
Q1,First quintile,2004,6,2004-06-01,109.35965377788,2.1313436301502
Q1,First quintile,2004,7,2004-07-01,109.121575255018,2.09517776391652
Q1,First quintile,2004,8,2004-08-01,109.326739115365,2.17195590180381
Q1,First quintile,2004,9,2004-09-01,109.587638341319,2.00031816085162
Q1,First quintile,2004,10,2004-10-01,110.057027470156,2.22430055864629
Q1,First quintile,2004,11,2004-11-01,110.050514927571,2.11266974656716
Q1,First quintile,2004,12,2004-12-01,110.253972220748,2.14285539101655
Q1,First quintile,2005,1,2005-01-01,109.84102955477,1.92376710090572
Q1,First quintile,2005,2,2005-02-01,110.166356486742,2.0461211442466
Q1,First quintile,2005,3,2005-03-01,110.913818317923,2.1572093303001
Q1,First quintile,2005,4,2005-04-01,111.38209748702,2.17623950585972
Q1,First quintile,2005,5,2005-05-01,111.540703979347,2.03831720399914
Q1,First quintile,2005,6,2005-06-01,111.692518695611,2.1332043739549
Q1,First quintile,2005,7,2005-07-01,111.545993793758,2.22175910957454
Q1,First quintile,2005,8,2005-08-01,111.766441216935,2.23156944157632
Q1,First quintile,2005,9,2005-09-01,112.360603211925,2.53036283341546
Q1,First quintile,2005,10,2005-10-01,112.727554852905,2.42649419499683
Q1,First quintile,2005,11,2005-11-01,112.648230798474,2.36047588928829
Q1,First quintile,2005,12,2005-12-01,112.870077789976,2.37279937995352
Q1,First quintile,2006,1,2006-01-01,112.494751458873,2.41596597815965
Q1,First quintile,2006,2,2006-02-01,112.736330004677,2.33281157686684
Q1,First quintile,2006,3,2006-03-01,113.383091795505,2.22629922495738
Q1,First quintile,2006,4,2006-04-01,114.05562848002,2.40032379827635
Q1,First quintile,2006,5,2006-05-01,114.316440204654,2.4885410673229
Q1,First quintile,2006,6,2006-06-01,114.381693227199,2.40765859969188
Q1,First quintile,2006,7,2006-07-01,114.207163839243,2.3857154837903
Q1,First quintile,2006,8,2006-08-01,114.292178689855,2.25983528277265
Q1,First quintile,2006,9,2006-09-01,114.501932114192,1.90576486869487
Q1,First quintile,2006,10,2006-10-01,114.743046900704,1.78793201930831
Q1,First quintile,2006,11,2006-11-01,114.84396400263,1.9491945755314
Q1,First quintile,2006,12,2006-12-01,115.185115797912,2.05106442138128
Q1,First quintile,2007,1,2007-01-01,114.739464629037,1.99539368819766
Q1,First quintile,2007,2,2007-02-01,115.022204931329,2.02762936008107
Q1,First quintile,2007,3,2007-03-01,115.695001113894,2.03902476266813
Q1,First quintile,2007,4,2007-04-01,116.321118784692,1.98630294257574
Q1,First quintile,2007,5,2007-05-01,116.508008289758,1.9171066569081
Q1,First quintile,2007,6,2007-06-01,116.622412306275,1.95898400859056
Q1,First quintile,2007,7,2007-07-01,116.306703502215,1.83836074059871
Q1,First quintile,2007,8,2007-08-01,116.427247188488,1.86807927113506
Q1,First quintile,2007,9,2007-09-01,116.98326545189,2.16706678383722
Q1,First quintile,2007,10,2007-10-01,117.651301927857,2.53458061791705
Q1,First quintile,2007,11,2007-11-01,118.253325382477,2.96869009133942
Q1,First quintile,2007,12,2007-12-01,118.659533962311,3.01637771541128
Q1,First quintile,2008,1,2008-01-01,118.334665247864,3.13336011323557
Q1,First quintile,2008,2,2008-02-01,118.666503521566,3.1683435319402
Q1,First quintile,2008,3,2008-03-01,119.76725244502,3.5198161475591
Q1,First quintile,2008,4,2008-04-01,120.275475466269,3.39951740740747
Q1,First quintile,2008,5,2008-05-01,120.904771913121,3.77378661596248
Q1,First quintile,2008,6,2008-06-01,121.331784698952,4.03813666648316
Q1,First quintile,2008,7,2008-07-01,121.110535607795,4.13031404117519
Q1,First quintile,2008,8,2008-08-01,120.93439536103,3.87121424012062
Q1,First quintile,2008,9,2008-09-01,121.317960977267,3.70539795468348
Q1,First quintile,2008,10,2008-10-01,121.645303493656,3.39477889352113
Q1,First quintile,2008,11,2008-11-01,121.261789120459,2.54408383717837
Q1,First quintile,2008,12,2008-12-01,121.000311339367,1.97268377760529
Q1,First quintile,2009,1,2009-01-01,120.296184336745,1.65760310790839
Q1,First quintile,2009,2,2009-02-01,120.595094668153,1.62521949274079
Q1,First quintile,2009,3,2009-03-01,121.014858145536,1.04169184401088
Q1,First quintile,2009,4,2009-04-01,121.305309404801,0.85622936391645
Q1,First quintile,2009,5,2009-05-01,121.285567282674,0.314954789234334
Q1,First quintile,2009,6,2009-06-01,121.473942708167,0.117164689836158
Q1,First quintile,2009,7,2009-07-01,120.668373468735,-0.3650897395852
Q1,First quintile,2009,8,2009-08-01,120.9379825709,0.00296624451614491
Q1,First quintile,2009,9,2009-09-01,121.17965821702,-0.114000234699063
Q1,First quintile,2009,10,2009-10-01,121.552856530217,-0.0759971497330203
Q1,First quintile,2009,11,2009-11-01,121.747469644878,0.400522314524565
Q1,First quintile,2009,12,2009-12-01,121.951593772018,0.786181805749742
Q1,First quintile,2010,1,2010-01-01,121.273151721601,0.812134973559009
Q1,First quintile,2010,2,2010-02-01,121.50706195575,0.756222539653439
Q1,First quintile,2010,3,2010-03-01,122.622323397306,1.32832056856815
Q1,First quintile,2010,4,2010-04-01,123.151395952574,1.52185139861638
Q1,First quintile,2010,5,2010-05-01,123.202969837552,1.58089919339639
Q1,First quintile,2010,6,2010-06-01,123.27307530634,1.48108520894503
Q1,First quintile,2010,7,2010-07-01,122.822891386487,1.78548683123685
Q1,First quintile,2010,8,2010-08-01,123.042912616071,1.7405036866204
Q1,First quintile,2010,9,2010-09-01,123.420555728262,1.84923570854501
Q1,First quintile,2010,10,2010-10-01,123.844341731182,1.88517593611244
Q1,First quintile,2010,11,2010-11-01,124.002748402167,1.85242351554995
Q1,First quintile,2010,12,2010-12-01,124.516895050585,2.10354059280469
Q1,First quintile,2011,1,2011-01-01,124.012579511614,2.25889057151076
Q1,First quintile,2011,2,2011-02-01,124.445509593044,2.41833486054037
Q1,First quintile,2011,3,2011-03-01,125.8925651657,2.66692203979657
Q1,First quintile,2011,4,2011-04-01,126.506741226384,2.72456941949899
Q1,First quintile,2011,5,2011-05-01,126.469720991804,2.65151981203
Q1,First quintile,2011,6,2011-06-01,126.520196101006,2.63408760315036
Q1,First quintile,2011,7,2011-07-01,125.885152941644,2.49323356630742
Q1,First quintile,2011,8,2011-08-01,126.102918336118,2.48694187660767
Q1,First quintile,2011,9,2011-09-01,126.941297645628,2.85263819838684
Q1,First quintile,2011,10,2011-10-01,127.524523798718,2.97161906316563
Q1,First quintile,2011,11,2011-11-01,127.776024411168,3.04289707899348
Q1,First quintile,2011,12,2011-12-01,128.030237943194,2.82157926535316
Q1,First quintile,2012,1,2012-01-01,127.380951357474,2.7161533605103
Q1,First quintile,2012,2,2012-02-01,127.807524674179,2.70159613804439
Q1,First quintile,2012,3,2012-03-01,129.20472172136,2.63093896871613
Q1,First quintile,2012,4,2012-04-01,129.700652093573,2.52469618316522
Q1,First quintile,2012,5,2012-05-01,129.561663924283,2.44480885087017
Q1,First quintile,2012,6,2012-06-01,129.505593978479,2.35962160151082
Q1,First quintile,2012,7,2012-07-01,128.89266262943,2.38909006940633
Q1,First quintile,2012,8,2012-08-01,129.287693810602,2.5255366937625
Q1,First quintile,2012,9,2012-09-01,130.190876891214,2.55990706401745
Q1,First quintile,2012,10,2012-10-01,130.679247983686,2.47381765561208
Q1,First quintile,2012,11,2012-11-01,130.557084241671,2.17651147256996
Q1,First quintile,2012,12,2012-12-01,130.79455721375,2.15911437404559
Q1,First quintile,2013,1,2013-01-01,129.889777909063,1.96954609370767
Q1,First quintile,2013,2,2013-02-01,130.141301171551,1.82600868244762
Q1,First quintile,2013,3,2013-03-01,131.404447867057,1.70251219645086
Q1,First quintile,2013,4,2013-04-01,131.437166306995,1.33886313244513
Q1,First quintile,2013,5,2013-05-01,131.442006896186,1.45131122505684
Q1,First quintile,2013,6,2013-06-01,131.576071038752,1.59875492375752
Q1,First quintile,2013,7,2013-07-01,130.961407333474,1.6050135530153
Q1,First quintile,2013,8,2013-08-01,131.092001116929,1.39557544352982
Q1,First quintile,2013,9,2013-09-01,131.751815868929,1.19896187427879
Q1,First quintile,2013,10,2013-10-01,131.789058731059,0.849263187917559
Q1,First quintile,2013,11,2013-11-01,131.726251434752,0.895521832363433
Q1,First quintile,2013,12,2013-12-01,132.028004489708,0.943041745951523
Q1,First quintile,2014,1,2014-01-01,130.922978507896,0.795444118440414
Q1,First quintile,2014,2,2014-02-01,131.169478482018,0.790046896112795
Q1,First quintile,2014,3,2014-03-01,132.164522631011,0.578423924221472
Q1,First quintile,2014,4,2014-04-01,132.362185351615,0.703772814501691
Q1,First quintile,2014,5,2014-05-01,132.210527663602,0.584684292003201
Q1,First quintile,2014,6,2014-06-01,132.316484514865,0.562726543107983
Q1,First quintile,2014,7,2014-07-01,131.533283324084,0.436675202453807
Q1,First quintile,2014,8,2014-08-01,131.662975549045,0.435552457244737
Q1,First quintile,2014,9,2014-09-01,132.254902331025,0.381844044257051
Q1,First quintile,2014,10,2014-10-01,132.361368055661,0.434261637584221
Q1,First quintile,2014,11,2014-11-01,132.236854779394,0.387624591970459
Q1,First quintile,2014,12,2014-12-01,132.037101949829,0.00689055337630418
Q1,First quintile,2015,1,2015-01-01,130.630757768232,-0.223200497723464
Q1,First quintile,2015,2,2015-02-01,131.109787192533,-0.0455069961208587
Q1,First quintile,2015,3,2015-03-01,132.333807397656,0.12808639056423
Q1,First quintile,2015,4,2015-04-01,132.69635751887,0.252468003884121
Q1,First quintile,2015,5,2015-05-01,132.856338441456,0.488471522855272
Q1,First quintile,2015,6,2015-06-01,132.826789769231,0.385670202950794
Q1,First quintile,2015,7,2015-07-01,131.991654037958,0.34848268232186
Q1,First quintile,2015,8,2015-08-01,131.924822594578,0.19887674909429
Q1,First quintile,2015,9,2015-09-01,132.426484747551,0.129736148529891
Q1,First quintile,2015,10,2015-10-01,132.718685947963,0.269956330575494
Q1,First quintile,2015,11,2015-11-01,132.466835235755,0.17391555232058
Q1,First quintile,2015,12,2015-12-01,132.346423499601,0.234268660250936
Q1,First quintile,2016,1,2016-01-01,130.849381486351,0.16736006270941
Q1,First quintile,2016,2,2016-02-01,130.888715097314,-0.168616012543998
Q1,First quintile,2016,3,2016-03-01,132.171026947533,-0.12300745616225
Q1,First quintile,2016,4,2016-04-01,132.413739212953,-0.21298120852814
Q1,First quintile,2016,5,2016-05-01,132.796716892289,-0.0448767065735267
Q1,First quintile,2016,6,2016-06-01,132.993577113748,0.125567549141614
Q1,First quintile,2016,7,2016-07-01,132.255965435589,0.200248568409656
Q1,First quintile,2016,8,2016-08-01,132.292708615811,0.278860349400678
Q1,First quintile,2016,9,2016-09-01,132.984630293451,0.421475769717472
Q1,First quintile,2016,10,2016-10-01,133.312098594635,0.447120646526056
Q1,First quintile,2016,11,2016-11-01,133.175706157202,0.535130865159972
Q1,First quintile,2016,12,2016-12-01,133.635876859532,0.974301628887431
Q1,First quintile,2017,1,2017-01-01,132.972605827906,1.62264759484267
Q1,First quintile,2017,2,2017-02-01,133.265071525586,1.81555486009961
Q1,First quintile,2017,3,2017-03-01,134.146043905121,1.49428887949254
Q1,First quintile,2017,4,2017-04-01,134.629896891886,1.67366142826659
Q1,First quintile,2017,5,2017-05-01,134.571392467077,1.3363851278245
Q1,First quintile,2017,6,2017-06-01,134.572363183866,1.18711452416085
Q1,First quintile,2017,7,2017-07-01,133.847044393947,1.20303001313977
Q1,First quintile,2017,8,2017-08-01,134.075583362428,1.34767423335034
Q1,First quintile,2017,9,2017-09-01,134.770065081682,1.34258732328101
Q1,First quintile,2017,10,2017-10-01,135.062212986353,1.31279487020912
Q1,First quintile,2017,11,2017-11-01,135.076511579666,1.42729141621412
Q1,First quintile,2017,12,2017-12-01,135.348307484037,1.28141533901487
Q1,First quintile,2018,1,2018-01-01,134.731795269877,1.32297132256551
Q1,First quintile,2018,2,2018-02-01,134.793862422914,1.14718048760094
Q1,First quintile,2018,3,2018-03-01,135.96628461347,1.35690971970548
Q1,First quintile,2018,4,2018-04-01,136.400956030089,1.31550211289651
Q1,First quintile,2018,5,2018-05-01,136.993076888634,1.79955366230611
Q1,First quintile,2018,6,2018-06-01,137.073147050697,1.85831905427267
Q1,First quintile,2018,7,2018-07-01,136.700778752566,2.13208619700245
Q1,First quintile,2018,8,2018-08-01,136.833586445364,2.05705096615605
Q1,First quintile,2018,9,2018-09-01,137.567816000156,2.07594388025101
Q1,First quintile,2018,10,2018-10-01,138.047074534552,2.20999010915057
Q1,First quintile,2018,11,2018-11-01,137.760660173394,1.98713200565899
Q1,First quintile,2018,12,2018-12-01,137.557924308751,1.6325411568036
Q1,First quintile,2019,1,2019-01-01,136.704586352115,1.46423572719872
Q1,First quintile,2019,2,2019-02-01,136.952017244114,1.60107795889701
Q1,First quintile,2019,3,2019-03-01,138.090596055834,1.5623810332118
Q1,First quintile,2019,4,2019-04-01,138.646455516951,1.64624908227644
Q1,First quintile,2019,5,2019-05-01,138.830772705002,1.34145159602572
Q1,First quintile,2019,6,2019-06-01,138.876768465849,1.31580944478089
Q1,First quintile,2019,7,2019-07-01,138.247330847211,1.13134110043716
Q1,First quintile,2019,8,2019-08-01,138.360939067973,1.11621178855732
Q1,First quintile,2019,9,2019-09-01,138.840269562879,0.924964573633869
Q1,First quintile,2019,10,2019-10-01,139.126686282591,0.782060577292043
Q1,First quintile,2019,11,2019-11-01,138.994012259682,0.895286132293482
Q1,First quintile,2019,12,2019-12-01,139.236999681317,1.22063151287277
Q1,First quintile,2020,1,2020-01-01,138.399057390837,1.23951294096143
Q1,First quintile,2020,2,2020-02-01,138.387344654582,1.04805130975882
Q1,First quintile,2020,3,2020-03-01,138.994923537245,0.6548798450009
Q1,First quintile,2020,4,2020-04-01,139.117944217423,0.340065455488459
Q1,First quintile,2020,5,2020-05-01,138.996048097221,0.119048096469365
Q1,First quintile,2020,6,2020-06-01,139.256255866977,0.273254774949394
Q1,First quintile,2020,7,2020-07-01,138.790376480305,0.392807318423993
Q1,First quintile,2020,8,2020-08-01,138.288343449886,-0.0524682895155837
Q1,First quintile,2020,9,2020-09-01,138.570193251712,-0.194523038609751
Q1,First quintile,2020,10,2020-10-01,138.874302705014,-0.181405583875438
Q1,First quintile,2020,11,2020-11-01,138.794977654564,-0.143196531909928
Q1,First quintile,2020,12,2020-12-01,139.06047396523,-0.126780752595468
Q1,First quintile,2021,1,2021-01-01,139.431026729358,0.745647664063709
Q1,First quintile,2021,2,2021-02-01,139.599517053017,0.875927203792237
Q1,First quintile,2021,3,2021-03-01,140.706816048528,1.23162232671332
Q1,First quintile,2021,4,2021-04-01,141.308788449731,1.57481067207546
Q1,First quintile,2021,5,2021-05-01,141.565858340289,1.84883691173086
Q1,First quintile,2021,6,2021-06-01,141.887344916318,1.88938660813505
Q1,First quintile,2021,7,2021-07-01,141.755713747983,2.13655827073742
Q1,First quintile,2021,8,2021-08-01,142.135840016298,2.78222767763925
Q1,First quintile,2021,9,2021-09-01,142.915788311311,3.13602439141119
Q1,First quintile,2021,10,2021-10-01,144.201902373536,3.83627464890908
Q1,First quintile,2021,11,2021-11-01,144.951563246348,4.43574090058763
Q1,First quintile,2021,12,2021-12-01,145.543153308985,4.66176991844298
Q1,First quintile,2022,1,2022-01-01,146.441560534351,5.02795824533475
Q1,First quintile,2022,2,2022-02-01,147.616174988713,5.74261151107836
Q1,First quintile,2022,3,2022-03-01,151.091205866116,7.38016118139331
Q1,First quintile,2022,4,2022-04-01,151.792657448236,7.41912029217824
Q1,First quintile,2022,5,2022-05-01,152.966168427648,8.05300813417549
Q1,First quintile,2022,6,2022-06-01,154.233252641051,8.7012042772487
Q1,First quintile,2022,7,2022-07-01,154.653337476413,9.09848597098553
Q1,First quintile,2022,8,2022-08-01,155.938053318936,9.71057919034097
Q1,First quintile,2022,9,2022-09-01,157.983179952399,10.5428461187695
Q1,First quintile,2022,10,2022-10-01,160.365885211741,11.2092715644868
Q1,First quintile,2022,11,2022-11-01,160.192658487346,10.5146125365305
Q1,First quintile,2022,12,2022-12-01,158.992417151781,9.2407396274033
Q1,First quintile,2023,1,2023-01-01,159.165970749717,8.6890703492474
Q1,First quintile,2023,2,2023-02-01,159.820877252798,8.26786242430271
Q1,First quintile,2023,3,2023-03-01,160.836651475594,6.45004158489109
Q1,First quintile,2023,4,2023-04-01,161.324116809316,6.27926246322583
Q1,First quintile,2023,5,2023-05-01,161.415041010206,5.52336027593885
Q1,First quintile,2023,6,2023-06-01,161.719923590909,4.85412245521473
Q1,First quintile,2023,7,2023-07-01,161.435053791059,4.38510828496035
Q1,First quintile,2023,8,2023-08-01,162.216024617041,4.02593925247001
Q1,First quintile,2023,9,2023-09-01,162.899053347352,3.11164352840216
Q1,First quintile,2023,10,2023-10-01,163.197018315752,1.76542105590112
Q1,First quintile,2023,11,2023-11-01,162.726776600281,1.58191900731521
Q1,First quintile,2023,12,2023-12-01,162.844269424203,2.42266413796637
Q1,First quintile,2024,1,2024-01-01,162.972425553501,2.39150038532388
Q1,First quintile,2024,2,2024-02-01,163.657909178369,2.40083272694207
Q1,First quintile,2024,3,2024-03-01,164.462221336235,2.25419382173093
Q1,First quintile,2024,4,2024-04-01,165.208530458358,2.40783196329768
Q1,First quintile,2024,5,2024-05-01,165.438841286436,2.49282858093447
Q1,First quintile,2024,6,2024-06-01,165.873056566051,2.56810223683293
Q1,First quintile,2024,7,2024-07-01,165.869784743026,2.74706815392545
Q1,First quintile,2024,8,2024-08-01,165.981336433654,2.32117130567244
Q1,First quintile,2024,9,2024-09-01,166.165208281144,2.00501774975199
Q1,First quintile,2024,10,2024-10-01,166.732652395592,2.16648203277787
Q1,First quintile,2024,11,2024-11-01,166.635027123078,2.40172552080826
Q1,First quintile,2024,12,2024-12-01,166.91551640041,2.50008611945798
Q1,First quintile,2025,1,2025-01-01,167.085484874031,2.52377621954192
Q1,First quintile,2025,2,2025-02-01,167.680969632324,2.45821327802169
Q1,First quintile,2025,3,2025-03-01,168.484421168053,2.44566794680106
Q1,First quintile,2025,4,2025-04-01,169.009495565176,2.30070753384986
Q1,First quintile,2025,5,2025-05-01,169.006543516447,2.15650823124052
Q1,First quintile,2025,6,2025-06-01,169.365468681339,2.10547281613318
Q1,First quintile,2025,7,2025-07-01,169.382775910055,2.11792109845201
Q1,First quintile,2025,8,2025-08-01,169.506472317006,2.12381461620581
Q1,First quintile,2025,9,2025-09-01,169.947365957198,2.27614295145042
Q1,First quintile,2025,10,2025-10-01,170.38485563789,2.19045471287385
Q1,First quintile,2025,11,2025-11-01,170.3931281782,2.2552887709173
Q1,First quintile,2025,12,2025-12-01,170.384528729626,2.07830428472227
Q1,First quintile,2026,1,2026-01-01,170.030196096753,1.76239798743905
Q1,First quintile,2026,2,2026-02-01,170.851268425918,1.89067298486214
Q1,First quintile,2026,3,2026-03-01,172.938482091758,2.64360401562767
Q1,First quintile,2026,4,2026-04-01,174.502011940008,3.24982709194175
Recalculated total,Total,2000,1,2000-01-01,98.854622310826,
Recalculated total,Total,2000,2,2000-02-01,99.1540369818018,
Recalculated total,Total,2000,3,2000-03-01,99.4509343927158,
Recalculated total,Total,2000,4,2000-04-01,99.575503194788,
Recalculated total,Total,2000,5,2000-05-01,99.6982096457515,
Recalculated total,Total,2000,6,2000-06-01,99.9750953005847,
Recalculated total,Total,2000,7,2000-07-01,100.07343234534,
Recalculated total,Total,2000,8,2000-08-01,100.156256823162,
Recalculated total,Total,2000,9,2000-09-01,100.531128996418,
Recalculated total,Total,2000,10,2000-10-01,100.596085345351,
Recalculated total,Total,2000,11,2000-11-01,100.788097323496,
Recalculated total,Total,2000,12,2000-12-01,101.146597339766,
Recalculated total,Total,2001,1,2001-01-01,100.879244837787,2.04808078735548
Recalculated total,Total,2001,2,2001-02-01,101.172489176977,2.03567323793941
Recalculated total,Total,2001,3,2001-03-01,101.644314292261,2.20548948377295
Recalculated total,Total,2001,4,2001-04-01,102.202835044655,2.63853233533533
Recalculated total,Total,2001,5,2001-05-01,102.659621080312,2.97037574203474
Recalculated total,Total,2001,6,2001-06-01,102.839184088681,2.86480225848762
Recalculated total,Total,2001,7,2001-07-01,102.697421266226,2.62206347817799
Recalculated total,Total,2001,8,2001-08-01,102.626932942143,2.46682154200641
Recalculated total,Total,2001,9,2001-09-01,102.841404978419,2.29807026446802
Recalculated total,Total,2001,10,2001-10-01,102.960957581981,2.35085910998645
Recalculated total,Total,2001,11,2001-11-01,102.901473583792,2.09685103342347
Recalculated total,Total,2001,12,2001-12-01,103.412217168684,2.23993677346128
Recalculated total,Total,2002,1,2002-01-01,103.668716721771,2.76515936302828
Recalculated total,Total,2002,2,2002-02-01,103.848337937042,2.64483831704931
Recalculated total,Total,2002,3,2002-03-01,104.352455699771,2.66433142509372
Recalculated total,Total,2002,4,2002-04-01,104.765532940997,2.50746263077963
Recalculated total,Total,2002,5,2002-05-01,104.960550662446,2.24131898980433
Recalculated total,Total,2002,6,2002-06-01,104.958164752622,2.06047984794719
Recalculated total,Total,2002,7,2002-07-01,104.888025132273,2.13306608777204
Recalculated total,Total,2002,8,2002-08-01,104.937282913632,2.25121213823269
Recalculated total,Total,2002,9,2002-09-01,105.151607653665,2.24637409001838
Recalculated total,Total,2002,10,2002-10-01,105.377813845625,2.34735216183166
Recalculated total,Total,2002,11,2002-11-01,105.307791754118,2.33846813512062
Recalculated total,Total,2002,12,2002-12-01,105.784528101949,2.29403352738851
Recalculated total,Total,2003,1,2003-01-01,105.804772622527,2.06046333773877
Recalculated total,Total,2003,2,2003-02-01,106.23517247385,2.29838491806627
Recalculated total,Total,2003,3,2003-03-01,106.791134732619,2.33696372212315
Recalculated total,Total,2003,4,2003-04-01,106.930559254295,2.06654445648371
Recalculated total,Total,2003,5,2003-05-01,106.910045117391,1.85735921033323
Recalculated total,Total,2003,6,2003-06-01,107.074737334545,2.01658688193707
Recalculated total,Total,2003,7,2003-07-01,106.953578361359,1.96929366005432
Recalculated total,Total,2003,8,2003-08-01,107.090687610935,2.05208733970699
Recalculated total,Total,2003,9,2003-09-01,107.40197070968,2.1401128391938
Recalculated total,Total,2003,10,2003-10-01,107.532044657185,2.04429256305885
Recalculated total,Total,2003,11,2003-11-01,107.569608842769,2.14781551391035
Recalculated total,Total,2003,12,2003-12-01,107.869415850372,1.97088155123522
Recalculated total,Total,2004,1,2004-01-01,107.742158549858,1.83109502464711
Recalculated total,Total,2004,2,2004-02-01,107.985983125915,1.64805178105794
Recalculated total,Total,2004,3,2004-03-01,108.594260859349,1.68846049931461
Recalculated total,Total,2004,4,2004-04-01,109.075622549155,2.00603392502452
Recalculated total,Total,2004,5,2004-05-01,109.400706517633,2.32967949597918
Recalculated total,Total,2004,6,2004-06-01,109.492557041297,2.25806737138945
Recalculated total,Total,2004,7,2004-07-01,109.321936654789,2.214379667998
Recalculated total,Total,2004,8,2004-08-01,109.492843768235,2.24310461617976
Recalculated total,Total,2004,9,2004-09-01,109.572934195995,2.02134418202062
Recalculated total,Total,2004,10,2004-10-01,109.919351453657,2.22008872246693
Recalculated total,Total,2004,11,2004-11-01,109.84213074125,2.11260589578108
Recalculated total,Total,2004,12,2004-12-01,110.244596940933,2.20190410028329
Recalculated total,Total,2005,1,2005-01-01,109.704193730498,1.82104684651585
Recalculated total,Total,2005,2,2005-02-01,110.099777420296,1.95747099131973
Recalculated total,Total,2005,3,2005-03-01,110.821006268205,2.05051849999696
Recalculated total,Total,2005,4,2005-04-01,111.207619591305,1.95460451412013
Recalculated total,Total,2005,5,2005-05-01,111.446196191823,1.86972254503668
Recalculated total,Total,2005,6,2005-06-01,111.559936116317,1.88814576157865
Recalculated total,Total,2005,7,2005-07-01,111.474620323014,1.96912324652854
Recalculated total,Total,2005,8,2005-08-01,111.68490430277,2.0020126056598
Recalculated total,Total,2005,9,2005-09-01,112.138383547026,2.34131664891064
Recalculated total,Total,2005,10,2005-10-01,112.410430111623,2.26627852604837
Recalculated total,Total,2005,11,2005-11-01,112.247589468352,2.18992358475607
Recalculated total,Total,2005,12,2005-12-01,112.636063188051,2.16923669139066
Recalculated total,Total,2006,1,2006-01-01,112.173485957285,2.2508640215277
Recalculated total,Total,2006,2,2006-02-01,112.49781456223,2.17805811975427
Recalculated total,Total,2006,3,2006-03-01,113.075305178245,2.03418014864833
Recalculated total,Total,2006,4,2006-04-01,113.749250620514,2.28548281003493
Recalculated total,Total,2006,5,2006-05-01,114.056768654596,2.34245093325582
Recalculated total,Total,2006,6,2006-06-01,114.157985607274,2.32883737782816
Recalculated total,Total,2006,7,2006-07-01,114.0864609178,2.34299124519861
Recalculated total,Total,2006,8,2006-08-01,114.157705607605,2.21408732028008
Recalculated total,Total,2006,9,2006-09-01,114.140190881384,1.78512233816746
Recalculated total,Total,2006,10,2006-10-01,114.252391867539,1.63860395702375
Recalculated total,Total,2006,11,2006-11-01,114.304591966994,1.83255828333189
Recalculated total,Total,2006,12,2006-12-01,114.714877772505,1.84560302057322
Recalculated total,Total,2007,1,2007-01-01,114.243388775243,1.84526922765569
Recalculated total,Total,2007,2,2007-02-01,114.566470099167,1.83884064324833
Recalculated total,Total,2007,3,2007-03-01,115.206581873477,1.88482948763367
Recalculated total,Total,2007,4,2007-04-01,115.879548663792,1.87280182652398
Recalculated total,Total,2007,5,2007-05-01,116.116000751318,1.80544488592176
Recalculated total,Total,2007,6,2007-06-01,116.249009028007,1.83169264034326
Recalculated total,Total,2007,7,2007-07-01,116.06454427421,1.73384583981004
Recalculated total,Total,2007,8,2007-08-01,116.156342862669,1.75076859194554
Recalculated total,Total,2007,9,2007-09-01,116.518307568123,2.08350508999104
Recalculated total,Total,2007,10,2007-10-01,117.076096189271,2.47146188852219
Recalculated total,Total,2007,11,2007-11-01,117.640792161262,2.91869306110719
Recalculated total,Total,2007,12,2007-12-01,118.122266324958,2.97031092968596
Recalculated total,Total,2008,1,2008-01-01,117.791152192494,3.10544308540299
Recalculated total,Total,2008,2,2008-02-01,118.190685002127,3.16341674821943
Recalculated total,Total,2008,3,2008-03-01,119.22691184766,3.48967038931756
Recalculated total,Total,2008,4,2008-04-01,119.605485730029,3.21535345037247
Recalculated total,Total,2008,5,2008-05-01,120.299901848958,3.60320805967092
Recalculated total,Total,2008,6,2008-06-01,120.743632149759,3.86637542920394
Recalculated total,Total,2008,7,2008-07-01,120.680332790372,3.97691521129575
Recalculated total,Total,2008,8,2008-08-01,120.499302869485,3.73889182440172
Recalculated total,Total,2008,9,2008-09-01,120.65420094448,3.5495652680491
Recalculated total,Total,2008,10,2008-10-01,120.794701168085,3.17622905089205
Recalculated total,Total,2008,11,2008-11-01,120.330692692163,2.28653724739756
Recalculated total,Total,2008,12,2008-12-01,120.22819623648,1.78283906755443
Recalculated total,Total,2009,1,2009-01-01,119.459757960681,1.41657988493042
Recalculated total,Total,2009,2,2009-02-01,119.88892570641,1.43686510003085
Recalculated total,Total,2009,3,2009-03-01,120.251468949436,0.859333757704262
Recalculated total,Total,2009,4,2009-04-01,120.619127362995,0.847487576994599
Recalculated total,Total,2009,5,2009-05-01,120.649838603228,0.290886982359839
Recalculated total,Total,2009,6,2009-06-01,120.850989998414,0.0889138803789713
Recalculated total,Total,2009,7,2009-07-01,120.211990579546,-0.388084951372891
Recalculated total,Total,2009,8,2009-08-01,120.49942491451,0.000101282763953492
Recalculated total,Total,2009,9,2009-09-01,120.486408119212,-0.13906919440364
Recalculated total,Total,2009,10,2009-10-01,120.777326288994,-0.0143838089941006
Recalculated total,Total,2009,11,2009-11-01,120.904824028965,0.477127924685683
Recalculated total,Total,2009,12,2009-12-01,121.274511179766,0.870274175309405
Recalculated total,Total,2010,1,2010-01-01,120.4702771556,0.845907619578079
Recalculated total,Total,2010,2,2010-02-01,120.790886592044,0.752330442798588
Recalculated total,Total,2010,3,2010-03-01,121.919639645111,1.38723519159427
Recalculated total,Total,2010,4,2010-04-01,122.361911181978,1.44486521921057
Recalculated total,Total,2010,5,2010-05-01,122.478089555946,1.51533642637582
Recalculated total,Total,2010,6,2010-06-01,122.547796715652,1.40404866957304
Recalculated total,Total,2010,7,2010-07-01,122.185961256607,1.64207469449948
Recalculated total,Total,2010,8,2010-08-01,122.35753854247,1.54201036999069
Recalculated total,Total,2010,9,2010-09-01,122.597611496501,1.75223364215547
Recalculated total,Total,2010,10,2010-10-01,122.970475799108,1.81586194818264
Recalculated total,Total,2010,11,2010-11-01,123.077277207663,1.79682919697046
Recalculated total,Total,2010,12,2010-12-01,123.76621457999,2.05459776830683
Recalculated total,Total,2011,1,2011-01-01,123.086043486885,2.17129601844137
Recalculated total,Total,2011,2,2011-02-01,123.610424292612,2.33423048718091
Recalculated total,Total,2011,3,2011-03-01,125.044004136356,2.56264249167646
Recalculated total,Total,2011,4,2011-04-01,125.689015225404,2.71906838597593
Recalculated total,Total,2011,5,2011-05-01,125.72307390366,2.64944069545732
Recalculated total,Total,2011,6,2011-06-01,125.779294832523,2.63692877675206
Recalculated total,Total,2011,7,2011-07-01,125.266752368839,2.52139532279163
Recalculated total,Total,2011,8,2011-08-01,125.472605395996,2.54587244123441
Recalculated total,Total,2011,9,2011-09-01,126.142493481335,2.89147720054455
Recalculated total,Total,2011,10,2011-10-01,126.614716433447,2.9635086069703
Recalculated total,Total,2011,11,2011-11-01,126.731187757297,2.9687937794308
Recalculated total,Total,2011,12,2011-12-01,127.138415568228,2.72465389660803
Recalculated total,Total,2012,1,2012-01-01,126.334202052273,2.63893328063209
Recalculated total,Total,2012,2,2012-02-01,126.922455912434,2.67941125416944
Recalculated total,Total,2012,3,2012-03-01,128.292135266311,2.59759046616355
Recalculated total,Total,2012,4,2012-04-01,128.824891792501,2.49494879204302
Recalculated total,Total,2012,5,2012-05-01,128.690426698327,2.36022927417476
Recalculated total,Total,2012,6,2012-06-01,128.671290559946,2.29926215699821
Recalculated total,Total,2012,7,2012-07-01,128.167527618174,2.31567849767045
Recalculated total,Total,2012,8,2012-08-01,128.584095021639,2.47981590549051
Recalculated total,Total,2012,9,2012-09-01,129.287618959981,2.4933116445103
Recalculated total,Total,2012,10,2012-10-01,129.676739692043,2.41837864100556
Recalculated total,Total,2012,11,2012-11-01,129.478146503963,2.16754754317219
Recalculated total,Total,2012,12,2012-12-01,129.929083692449,2.19498419242368
Recalculated total,Total,2013,1,2013-01-01,128.858465126485,1.99808368059149
Recalculated total,Total,2013,2,2013-02-01,129.269996645138,1.84958659665677
Recalculated total,Total,2013,3,2013-03-01,130.564600040165,1.77132040801768
Recalculated total,Total,2013,4,2013-04-01,130.536171371832,1.32837649271031
Recalculated total,Total,2013,5,2013-05-01,130.690101486161,1.55386444752545
Recalculated total,Total,2013,6,2013-06-01,130.870677516173,1.70930667334948
Recalculated total,Total,2013,7,2013-07-01,130.356137589261,1.70761659506076
Recalculated total,Total,2013,8,2013-08-01,130.462602885716,1.46091774706711
Recalculated total,Total,2013,9,2013-09-01,130.867984680328,1.22236431690812
Recalculated total,Total,2013,10,2013-10-01,130.768163302122,0.841649483685969
Recalculated total,Total,2013,11,2013-11-01,130.672239380994,0.922235071533528
Recalculated total,Total,2013,12,2013-12-01,131.084282410304,0.889099411021288
Recalculated total,Total,2014,1,2014-01-01,129.871806662881,0.786398887648532
Recalculated total,Total,2014,2,2014-02-01,130.210011901326,0.727172027990863
Recalculated total,Total,2014,3,2014-03-01,131.197496290397,0.484738014774333
Recalculated total,Total,2014,4,2014-04-01,131.406531481859,0.666757804277807
Recalculated total,Total,2014,5,2014-05-01,131.269169236717,0.443084628423751
Recalculated total,Total,2014,6,2014-06-01,131.425222114393,0.42373479586475
Recalculated total,Total,2014,7,2014-07-01,130.780757276188,0.325738162221945
Recalculated total,Total,2014,8,2014-08-01,130.906464095045,0.340221028487631
Recalculated total,Total,2014,9,2014-09-01,131.255093884429,0.295801303158472
Recalculated total,Total,2014,10,2014-10-01,131.2358292975,0.357629856968966
Recalculated total,Total,2014,11,2014-11-01,131.01938512872,0.265661436101627
Recalculated total,Total,2014,12,2014-12-01,130.94979606949,-0.102595321377186
Recalculated total,Total,2015,1,2015-01-01,129.307790201208,-0.434287068276029
Recalculated total,Total,2015,2,2015-02-01,130.013586056265,-0.150853104299131
Recalculated total,Total,2015,3,2015-03-01,131.290022072129,0.0705240453118705
Recalculated total,Total,2015,4,2015-04-01,131.831014548619,0.323030417113412
Recalculated total,Total,2015,5,2015-05-01,132.156711751202,0.676124119353938
Recalculated total,Total,2015,6,2015-06-01,132.182550407907,0.576242734332166
Recalculated total,Total,2015,7,2015-07-01,131.614586034872,0.637577558082936
Recalculated total,Total,2015,8,2015-08-01,131.646150194251,0.565049330694989
Recalculated total,Total,2015,9,2015-09-01,131.749424477017,0.376618215688684
Recalculated total,Total,2015,10,2015-10-01,131.978420693846,0.565845013759359
Recalculated total,Total,2015,11,2015-11-01,131.449149386731,0.328015779946655
Recalculated total,Total,2015,12,2015-12-01,131.494526869182,0.415984458198482
Recalculated total,Total,2016,1,2016-01-01,129.905027746552,0.461872826390053
Recalculated total,Total,2016,2,2016-02-01,130.091333525349,0.059799495915791
Recalculated total,Total,2016,3,2016-03-01,131.447057191891,0.119609333050263
Recalculated total,Total,2016,4,2016-04-01,131.738063068541,-0.0705080518386803
Recalculated total,Total,2016,5,2016-05-01,132.259956448207,0.0781229312056153
Recalculated total,Total,2016,6,2016-06-01,132.505064491794,0.243991421630096
Recalculated total,Total,2016,7,2016-07-01,132.093458811657,0.363844761596832
Recalculated total,Total,2016,8,2016-08-01,132.175815375722,0.402340046168481
Recalculated total,Total,2016,9,2016-09-01,132.450395262235,0.532048460932977
Recalculated total,Total,2016,10,2016-10-01,132.687317134926,0.537130568280331
Recalculated total,Total,2016,11,2016-11-01,132.27810551337,0.630628749220663
Recalculated total,Total,2016,12,2016-12-01,132.905103199729,1.07272626787782
Recalculated total,Total,2017,1,2017-01-01,132.054179382878,1.65440219951993
Recalculated total,Total,2017,2,2017-02-01,132.569570551221,1.90499778787321
Recalculated total,Total,2017,3,2017-03-01,133.448289685734,1.52246275922434
Recalculated total,Total,2017,4,2017-04-01,134.142654021234,1.82528184845185
Recalculated total,Total,2017,5,2017-05-01,134.097598617714,1.38941688690661
Recalculated total,Total,2017,6,2017-06-01,134.262772686671,1.32652151947472
Recalculated total,Total,2017,7,2017-07-01,133.892898539826,1.36224741509279
Recalculated total,Total,2017,8,2017-08-01,134.215074154069,1.54283805441313
Recalculated total,Total,2017,9,2017-09-01,134.538955702837,1.57686236909054
Recalculated total,Total,2017,10,2017-10-01,134.599936718702,1.4414486818138
Recalculated total,Total,2017,11,2017-11-01,134.323530773769,1.54630673947198
Recalculated total,Total,2017,12,2017-12-01,134.737464780878,1.3786991898989
Recalculated total,Total,2018,1,2018-01-01,133.856727006814,1.3650061151868
Recalculated total,Total,2018,2,2018-02-01,134.075598803135,1.13602861173334
Recalculated total,Total,2018,3,2018-03-01,135.34622084255,1.42222216656736
Recalculated total,Total,2018,4,2018-04-01,135.869545238114,1.28735429418798
Recalculated total,Total,2018,5,2018-05-01,136.671107568412,1.91913127246577
Recalculated total,Total,2018,6,2018-06-01,136.843184596169,1.92191167950895
Recalculated total,Total,2018,7,2018-07-01,136.717064636086,2.10927250590527
Recalculated total,Total,2018,8,2018-08-01,136.90352536641,2.00309185036485
Recalculated total,Total,2018,9,2018-09-01,137.234028398536,2.00319132969271
Recalculated total,Total,2018,10,2018-10-01,137.514489019269,2.16534448055357
Recalculated total,Total,2018,11,2018-11-01,136.828617904241,1.86496521945332
Recalculated total,Total,2018,12,2018-12-01,136.770788273863,1.50910030576221
Recalculated total,Total,2019,1,2019-01-01,135.719526369884,1.39163671839548
Recalculated total,Total,2019,2,2019-02-01,136.093673386893,1.50517663301359
Recalculated total,Total,2019,3,2019-03-01,137.250388621479,1.40688655145012
Recalculated total,Total,2019,4,2019-04-01,138.155904257464,1.68276048568747
Recalculated total,Total,2019,5,2019-05-01,138.356551565919,1.23321163301713
Recalculated total,Total,2019,6,2019-06-01,138.559398102477,1.25414613184589
Recalculated total,Total,2019,7,2019-07-01,138.134824626848,1.03700294804925
Recalculated total,Total,2019,8,2019-08-01,138.3311548526,1.04279965206802
Recalculated total,Total,2019,9,2019-09-01,138.412118614812,0.858453424434424
Recalculated total,Total,2019,10,2019-10-01,138.540609984864,0.746191163501275
Recalculated total,Total,2019,11,2019-11-01,138.139025376456,0.957699852768834
Recalculated total,Total,2019,12,2019-12-01,138.537101612436,1.29144049022862
Recalculated total,Total,2020,1,2020-01-01,137.457789899452,1.28077630099541
Recalculated total,Total,2020,2,2020-02-01,137.649930389245,1.143518992193
Recalculated total,Total,2020,3,2020-03-01,138.266788712126,0.740544417290723
Recalculated total,Total,2020,4,2020-04-01,138.738067109857,0.421381087925465
Recalculated total,Total,2020,5,2020-05-01,138.64122355575,0.205752446565688
Recalculated total,Total,2020,6,2020-06-01,139.080098692814,0.375795938397783
Recalculated total,Total,2020,7,2020-07-01,138.681708728178,0.395906030797866
Recalculated total,Total,2020,8,2020-08-01,138.237004880644,-0.0680612925241686
Recalculated total,Total,2020,9,2020-09-01,138.121627942082,-0.209873727558785
Recalculated total,Total,2020,10,2020-10-01,138.314364182994,-0.163306486015058
Recalculated total,Total,2020,11,2020-11-01,137.897606747932,-0.174764971640873
Recalculated total,Total,2020,12,2020-12-01,138.30731993963,-0.165862913350523
Recalculated total,Total,2021,1,2021-01-01,138.629617232357,0.852499762844827
Recalculated total,Total,2021,2,2021-02-01,138.913033116774,0.91761959047596
Recalculated total,Total,2021,3,2021-03-01,140.031262276561,1.27613693850182
Recalculated total,Total,2021,4,2021-04-01,140.795554217156,1.48300113311322
Recalculated total,Total,2021,5,2021-05-01,141.176002034811,1.82830071320177
Recalculated total,Total,2021,6,2021-06-01,141.535697808378,1.76560064210753
Recalculated total,Total,2021,7,2021-07-01,141.609121136844,2.1108857364913
Recalculated total,Total,2021,8,2021-08-01,142.102285328676,2.79612572000463
Recalculated total,Total,2021,9,2021-09-01,142.527984929223,3.19020058827315
Recalculated total,Total,2021,10,2021-10-01,143.600444036967,3.82178661283439
Recalculated total,Total,2021,11,2021-11-01,144.208332640232,4.57638536384184
Recalculated total,Total,2021,12,2021-12-01,144.849517553094,4.73018898516664
Recalculated total,Total,2022,1,2022-01-01,145.421790421608,4.89951088724885
Recalculated total,Total,2022,2,2022-02-01,146.697420110879,5.60378448259933
Recalculated total,Total,2022,3,2022-03-01,150.001145462294,7.11975527724782
Recalculated total,Total,2022,4,2022-04-01,151.081589613295,7.30565354377242
Recalculated total,Total,2022,5,2022-05-01,152.408373190756,7.95628930841577
Recalculated total,Total,2022,6,2022-06-01,153.741515492547,8.62384392995612
Recalculated total,Total,2022,7,2022-07-01,154.202474729512,8.89303845089087
Recalculated total,Total,2022,8,2022-08-01,155.224660118255,9.23445724973984
Recalculated total,Total,2022,9,2022-09-01,156.799125790782,10.0128693102943
Recalculated total,Total,2022,10,2022-10-01,158.905047504234,10.6577689016945
Recalculated total,Total,2022,11,2022-11-01,158.809299786469,10.1249122563973
Recalculated total,Total,2022,12,2022-12-01,158.301323661446,9.28674553812123
Recalculated total,Total,2023,1,2023-01-01,158.334375402944,8.87940173470607
Recalculated total,Total,2023,2,2023-02-01,159.437103396014,8.6843267424237
Recalculated total,Total,2023,3,2023-03-01,160.741767538449,7.16036003795386
Recalculated total,Total,2023,4,2023-04-01,161.710991398443,7.03553742871919
Recalculated total,Total,2023,5,2023-05-01,161.832644408589,6.18356525992021
Recalculated total,Total,2023,6,2023-06-01,162.272376628048,5.54883377347415
Recalculated total,Total,2023,7,2023-07-01,162.372339194617,5.29814095359773
Recalculated total,Total,2023,8,2023-08-01,163.193962027899,5.13404371674708
Recalculated total,Total,2023,9,2023-09-01,163.518611283494,4.28541004857264
Recalculated total,Total,2023,10,2023-10-01,163.687180576654,3.00942804997633
Recalculated total,Total,2023,11,2023-11-01,162.915424042033,2.58556914556287
Recalculated total,Total,2023,12,2023-12-01,163.154211501879,3.0656015554309
Recalculated total,Total,2024,1,2024-01-01,162.89780780276,2.88214886262217
Recalculated total,Total,2024,2,2024-02-01,163.812563309842,2.74431723898028
Recalculated total,Total,2024,3,2024-03-01,164.898721671636,2.58610701925557
Recalculated total,Total,2024,4,2024-04-01,165.860343271586,2.56590590241323
Recalculated total,Total,2024,5,2024-05-01,166.274913704857,2.74497726494078
Recalculated total,Total,2024,6,2024-06-01,166.652996363736,2.69954740709113
Recalculated total,Total,2024,7,2024-07-01,166.782960150025,2.71636226791165
Recalculated total,Total,2024,8,2024-08-01,167.010361668413,2.3385666927197
Recalculated total,Total,2024,9,2024-09-01,166.725815213373,1.96136935404789
Recalculated total,Total,2024,10,2024-10-01,167.241537034427,2.17143239027684
Recalculated total,Total,2024,11,2024-11-01,166.72658401005,2.33934876972344
Recalculated total,Total,2024,12,2024-12-01,167.139821567024,2.44284841222067
Recalculated total,Total,2025,1,2025-01-01,166.892993749927,2.4525719535798
Recalculated total,Total,2025,2,2025-02-01,167.575875237996,2.29732802668889
Recalculated total,Total,2025,3,2025-03-01,168.438124149705,2.14640989462414
Recalculated total,Total,2025,4,2025-04-01,169.415011400491,2.14316940311914
Recalculated total,Total,2025,5,2025-05-01,169.386668028684,1.8714514742435
Recalculated total,Total,2025,6,2025-06-01,169.896186993903,1.94607399862659
Recalculated total,Total,2025,7,2025-07-01,170.101391385482,1.98967042704579
Recalculated total,Total,2025,8,2025-08-01,170.327845970394,1.98639429843763
Recalculated total,Total,2025,9,2025-09-01,170.278118597961,2.13062589020256
Recalculated total,Total,2025,10,2025-10-01,170.549293424746,1.9778318526446
Recalculated total,Total,2025,11,2025-11-01,170.093443996063,2.01939001269902
Recalculated total,Total,2025,12,2025-12-01,170.218735625424,1.84211878984568
Recalculated total,Total,2026,1,2026-01-01,169.535426244752,1.58330942207487
Recalculated total,Total,2026,2,2026-02-01,170.580659870932,1.79308902827928
Recalculated total,Total,2026,3,2026-03-01,172.593942072508,2.46726680422404
Recalculated total,Total,2026,4,2026-04-01,174.382635392506,2.93222185622686
